nurse_id,role,date,day_index,shift_type,hours,premium_pct,cost_dkk
N002,RN,2025-09-29,1,Day,8.0,0.0,1436.56
N011,RN,2025-09-29,1,Day,8.0,0.0,1379.84
N012,RN,2025-09-29,1,Day,8.0,0.0,1397.12
N018,RN,2025-09-29,1,Day,8.0,0.0,1397.12
N019,RN,2025-09-29,1,Day,8.0,0.0,1537.28
N021,RN,2025-09-29,1,Day,8.0,0.0,1477.68
N027,SoSu,2025-09-29,1,Day,8.0,0.0,1270.4
N030,RN,2025-09-29,1,Day,8.0,0.0,1461.2
N001,SoSu,2025-09-29,1,Evening,8.0,20.0,1396.416
N009,SoSu,2025-09-29,1,Evening,8.0,20.0,1442.304
N016,RN,2025-09-29,1,Evening,8.0,20.0,1587.84
N017,RN,2025-09-29,1,Evening,8.0,20.0,1605.6
N020,RN,2025-09-29,1,Evening,8.0,20.0,1646.9759999999999
N010,RN,2025-09-29,1,Night,8.0,32.8125,2125.53125
N022,RN,2025-09-29,1,Night,8.0,32.8125,1731.1312500000001
N024,SoSu,2025-09-29,1,Night,8.0,32.8125,1506.1999999999998
N002,RN,2025-09-30,2,Day,8.0,0.0,1436.56
N008,RN,2025-09-30,2,Day,8.0,0.0,1533.76
N011,RN,2025-09-30,2,Day,8.0,0.0,1379.84
N023,RN,2025-09-30,2,Day,8.0,0.0,1451.28
N025,RN,2025-09-30,2,Day,8.0,0.0,1463.6
N026,RN,2025-09-30,2,Day,8.0,0.0,1632.0
N028,RN,2025-09-30,2,Day,8.0,0.0,1458.72
N030,RN,2025-09-30,2,Day,8.0,0.0,1461.2
N005,SoSu,2025-09-30,2,Evening,8.0,20.0,1333.2479999999998
N009,SoSu,2025-09-30,2,Evening,8.0,20.0,1442.304
N016,RN,2025-09-30,2,Evening,8.0,20.0,1587.84
N017,RN,2025-09-30,2,Evening,8.0,20.0,1605.6
N020,RN,2025-09-30,2,Evening,8.0,20.0,1646.9759999999999
N001,SoSu,2025-09-30,2,Night,8.0,32.8125,1545.5125
N019,RN,2025-09-30,2,Night,8.0,32.8125,2041.7
N022,RN,2025-09-30,2,Night,8.0,32.8125,1731.1312500000001
N002,RN,2025-10-01,3,Day,8.0,0.0,1436.56
N010,RN,2025-10-01,3,Day,8.0,0.0,1600.4
N011,RN,2025-10-01,3,Day,8.0,0.0,1379.84
N012,RN,2025-10-01,3,Day,8.0,0.0,1397.12
N026,RN,2025-10-01,3,Day,8.0,0.0,1632.0
N027,SoSu,2025-10-01,3,Day,8.0,0.0,1270.4
N028,RN,2025-10-01,3,Day,8.0,0.0,1458.72
N030,RN,2025-10-01,3,Day,8.0,0.0,1461.2
N005,SoSu,2025-10-01,3,Evening,8.0,20.0,1333.2479999999998
N009,SoSu,2025-10-01,3,Evening,8.0,20.0,1442.304
N014,RN,2025-10-01,3,Evening,8.0,20.0,1638.048
N016,RN,2025-10-01,3,Evening,8.0,20.0,1587.84
N020,RN,2025-10-01,3,Evening,8.0,20.0,1646.9759999999999
N021,RN,2025-10-01,3,Night,8.0,32.8125,1962.54375
N022,RN,2025-10-01,3,Night,8.0,32.8125,1731.1312500000001
N024,SoSu,2025-10-01,3,Night,8.0,32.8125,1506.1999999999998
N008,RN,2025-10-02,4,Day,8.0,0.0,1533.76
N010,RN,2025-10-02,4,Day,8.0,0.0,1600.4
N012,RN,2025-10-02,4,Day,8.0,0.0,1397.12
N019,RN,2025-10-02,4,Day,8.0,0.0,1537.28
N023,RN,2025-10-02,4,Day,8.0,0.0,1451.28
N027,SoSu,2025-10-02,4,Day,8.0,0.0,1270.4
N028,RN,2025-10-02,4,Day,8.0,0.0,1458.72
N030,RN,2025-10-02,4,Day,8.0,0.0,1461.2
N001,SoSu,2025-10-02,4,Evening,8.0,20.0,1396.416
N003,RN,2025-10-02,4,Evening,8.0,20.0,1646.9759999999999
N005,SoSu,2025-10-02,4,Evening,8.0,20.0,1333.2479999999998
N016,RN,2025-10-02,4,Evening,8.0,20.0,1587.84
N017,RN,2025-10-02,4,Evening,8.0,20.0,1605.6
N013,RN,2025-10-02,4,Night,8.0,32.8125,2069.6437499999997
N021,RN,2025-10-02,4,Night,8.0,32.8125,1962.54375
N024,SoSu,2025-10-02,4,Night,8.0,32.8125,1506.1999999999998
N002,RN,2025-10-03,5,Day,8.0,0.0,1436.56
N010,RN,2025-10-03,5,Day,8.0,0.0,1600.4
N011,RN,2025-10-03,5,Day,8.0,0.0,1379.84
N018,RN,2025-10-03,5,Day,8.0,0.0,1397.12
N023,RN,2025-10-03,5,Day,8.0,0.0,1451.28
N025,RN,2025-10-03,5,Day,8.0,0.0,1463.6
N027,SoSu,2025-10-03,5,Day,8.0,0.0,1270.4
N030,RN,2025-10-03,5,Day,8.0,0.0,1461.2
N001,SoSu,2025-10-03,5,Evening,8.0,20.0,1396.416
N009,SoSu,2025-10-03,5,Evening,8.0,20.0,1442.304
N017,RN,2025-10-03,5,Evening,8.0,20.0,1605.6
N020,RN,2025-10-03,5,Evening,8.0,20.0,1646.9759999999999
N022,RN,2025-10-03,5,Evening,8.0,20.0,1564.128
N005,SoSu,2025-10-03,5,Night,8.0,32.8125,1475.6
N019,RN,2025-10-03,5,Night,8.0,32.8125,2041.7
N021,RN,2025-10-03,5,Night,8.0,32.8125,1962.54375
N003,RN,2025-10-04,6,Day,8.0,47.0,2017.5456
N004,SoSu,2025-10-04,6,Day,8.0,47.0,1613.3544
N006,RN,2025-10-04,6,Day,8.0,47.0,1977.6791999999998
N007,RN,2025-10-04,6,Day,8.0,47.0,1937.8128
N011,RN,2025-10-04,6,Day,8.0,47.0,2028.3647999999998
N015,RN,2025-10-04,6,Day,8.0,47.0,1948.7496
N016,RN,2025-10-04,6,Day,8.0,47.0,1945.104
N024,SoSu,2025-10-04,6,Day,8.0,47.0,1667.0975999999998
N001,SoSu,2025-10-04,6,Evening,8.0,47.0,1710.6096
N009,SoSu,2025-10-04,6,Evening,8.0,47.0,1766.8224
N017,RN,2025-10-04,6,Evening,8.0,47.0,1966.86
N022,RN,2025-10-04,6,Evening,8.0,47.0,1916.0568
N029,RN,2025-10-04,6,Evening,8.0,47.0,1901.5919999999999
N012,RN,2025-10-04,6,Night,8.0,47.0,2053.7664
N018,RN,2025-10-04,6,Night,8.0,47.0,2053.7664
N020,RN,2025-10-04,6,Night,8.0,47.0,2017.5456
N005,SoSu,2025-10-05,7,Day,8.0,47.0,1633.2287999999999
N006,RN,2025-10-05,7,Day,8.0,47.0,1977.6791999999998
N007,RN,2025-10-05,7,Day,8.0,47.0,1937.8128
N014,RN,2025-10-05,7,Day,8.0,47.0,2006.6088
N015,RN,2025-10-05,7,Day,8.0,47.0,1948.7496
N016,RN,2025-10-05,7,Day,8.0,47.0,1945.104
N024,SoSu,2025-10-05,7,Day,8.0,47.0,1667.0975999999998
N027,SoSu,2025-10-05,7,Day,8.0,47.0,1867.488
N001,SoSu,2025-10-05,7,Evening,8.0,47.0,1710.6096
N009,SoSu,2025-10-05,7,Evening,8.0,47.0,1766.8224
N017,RN,2025-10-05,7,Evening,8.0,47.0,1966.86
N022,RN,2025-10-05,7,Evening,8.0,47.0,1916.0568
N029,RN,2025-10-05,7,Evening,8.0,47.0,1901.5919999999999
N003,RN,2025-10-05,7,Night,8.0,47.0,2017.5456
N011,RN,2025-10-05,7,Night,8.0,47.0,2028.3647999999998
N020,RN,2025-10-05,7,Night,8.0,47.0,2017.5456
N010,RN,2025-10-06,8,Day,8.0,0.0,1600.4
N013,RN,2025-10-06,8,Day,8.0,0.0,1558.32
N018,RN,2025-10-06,8,Day,8.0,0.0,1397.12
N019,RN,2025-10-06,8,Day,8.0,0.0,1537.28
N021,RN,2025-10-06,8,Day,8.0,0.0,1477.68
N026,RN,2025-10-06,8,Day,8.0,0.0,1632.0
N028,RN,2025-10-06,8,Day,8.0,0.0,1458.72
N030,RN,2025-10-06,8,Day,8.0,0.0,1461.2
N001,SoSu,2025-10-06,8,Evening,8.0,20.0,1396.416
N007,RN,2025-10-06,8,Evening,8.0,20.0,1581.888
N009,SoSu,2025-10-06,8,Evening,8.0,20.0,1442.304
N014,RN,2025-10-06,8,Evening,8.0,20.0,1638.048
N017,RN,2025-10-06,8,Evening,8.0,20.0,1605.6
N016,RN,2025-10-06,8,Night,8.0,32.8125,1757.375
N022,RN,2025-10-06,8,Night,8.0,32.8125,1731.1312500000001
N024,SoSu,2025-10-06,8,Night,8.0,32.8125,1506.1999999999998
N012,RN,2025-10-07,9,Day,8.0,0.0,1397.12
N013,RN,2025-10-07,9,Day,8.0,0.0,1558.32
N018,RN,2025-10-07,9,Day,8.0,0.0,1397.12
N019,RN,2025-10-07,9,Day,8.0,0.0,1537.28
N021,RN,2025-10-07,9,Day,8.0,0.0,1477.68
N025,RN,2025-10-07,9,Day,8.0,0.0,1463.6
N026,RN,2025-10-07,9,Day,8.0,0.0,1632.0
N027,SoSu,2025-10-07,9,Day,8.0,0.0,1270.4
N001,SoSu,2025-10-07,9,Evening,8.0,20.0,1396.416
N003,RN,2025-10-07,9,Evening,8.0,20.0,1646.9759999999999
N005,SoSu,2025-10-07,9,Evening,8.0,20.0,1333.2479999999998
N017,RN,2025-10-07,9,Evening,8.0,20.0,1605.6
N020,RN,2025-10-07,9,Evening,8.0,20.0,1646.9759999999999
N009,SoSu,2025-10-07,9,Night,8.0,32.8125,1596.3000000000002
N016,RN,2025-10-07,9,Night,8.0,32.8125,1757.375
N028,RN,2025-10-07,9,Night,8.0,32.8125,1937.3625
N002,RN,2025-10-08,10,Day,8.0,0.0,1436.56
N008,RN,2025-10-08,10,Day,8.0,0.0,1533.76
N010,RN,2025-10-08,10,Day,8.0,0.0,1600.4
N012,RN,2025-10-08,10,Day,8.0,0.0,1397.12
N021,RN,2025-10-08,10,Day,8.0,0.0,1477.68
N026,RN,2025-10-08,10,Day,8.0,0.0,1632.0
N027,SoSu,2025-10-08,10,Day,8.0,0.0,1270.4
N030,RN,2025-10-08,10,Day,8.0,0.0,1461.2
N003,RN,2025-10-08,10,Evening,8.0,20.0,1646.9759999999999
N005,SoSu,2025-10-08,10,Evening,8.0,20.0,1333.2479999999998
N017,RN,2025-10-08,10,Evening,8.0,20.0,1605.6
N020,RN,2025-10-08,10,Evening,8.0,20.0,1646.9759999999999
N024,SoSu,2025-10-08,10,Evening,8.0,20.0,1360.896
N009,SoSu,2025-10-08,10,Night,8.0,32.8125,1596.3000000000002
N013,RN,2025-10-08,10,Night,8.0,32.8125,2069.6437499999997
N022,RN,2025-10-08,10,Night,8.0,32.8125,1731.1312500000001
N008,RN,2025-10-09,11,Day,8.0,0.0,1533.76
N010,RN,2025-10-09,11,Day,8.0,0.0,1600.4
N012,RN,2025-10-09,11,Day,8.0,0.0,1397.12
N018,RN,2025-10-09,11,Day,8.0,0.0,1397.12
N021,RN,2025-10-09,11,Day,8.0,0.0,1477.68
N025,RN,2025-10-09,11,Day,8.0,0.0,1463.6
N027,SoSu,2025-10-09,11,Day,8.0,0.0,1270.4
N030,RN,2025-10-09,11,Day,8.0,0.0,1461.2
N005,SoSu,2025-10-09,11,Evening,8.0,20.0,1333.2479999999998
N014,RN,2025-10-09,11,Evening,8.0,20.0,1638.048
N016,RN,2025-10-09,11,Evening,8.0,20.0,1587.84
N020,RN,2025-10-09,11,Evening,8.0,20.0,1646.9759999999999
N024,SoSu,2025-10-09,11,Evening,8.0,20.0,1360.896
N004,SoSu,2025-10-09,11,Night,8.0,32.8125,1457.64375
N019,RN,2025-10-09,11,Night,8.0,32.8125,2041.7
N028,RN,2025-10-09,11,Night,8.0,32.8125,1937.3625
N008,RN,2025-10-10,12,Day,8.0,0.0,1533.76
N012,RN,2025-10-10,12,Day,8.0,0.0,1397.12
N013,RN,2025-10-10,12,Day,8.0,0.0,1558.32
N021,RN,2025-10-10,12,Day,8.0,0.0,1477.68
N025,RN,2025-10-10,12,Day,8.0,0.0,1463.6
N026,RN,2025-10-10,12,Day,8.0,0.0,1632.0
N027,SoSu,2025-10-10,12,Day,8.0,0.0,1270.4
N030,RN,2025-10-10,12,Day,8.0,0.0,1461.2
N005,SoSu,2025-10-10,12,Evening,8.0,20.0,1333.2479999999998
N017,RN,2025-10-10,12,Evening,8.0,20.0,1605.6
N020,RN,2025-10-10,12,Evening,8.0,20.0,1646.9759999999999
N022,RN,2025-10-10,12,Evening,8.0,20.0,1564.128
N024,SoSu,2025-10-10,12,Evening,8.0,20.0,1360.896
N009,SoSu,2025-10-10,12,Night,8.0,32.8125,1596.3000000000002
N010,RN,2025-10-10,12,Night,8.0,32.8125,2125.53125
N019,RN,2025-10-10,12,Night,8.0,32.8125,2041.7
N001,SoSu,2025-10-11,13,Day,8.0,47.0,1710.6096
N003,RN,2025-10-11,13,Day,8.0,47.0,2017.5456
N004,SoSu,2025-10-11,13,Day,8.0,47.0,1613.3544
N006,RN,2025-10-11,13,Day,8.0,47.0,1977.6791999999998
N014,RN,2025-10-11,13,Day,8.0,47.0,2006.6088
N015,RN,2025-10-11,13,Day,8.0,47.0,1948.7496
N016,RN,2025-10-11,13,Day,8.0,47.0,1945.104
N027,SoSu,2025-10-11,13,Day,8.0,47.0,1867.488
N005,SoSu,2025-10-11,13,Evening,8.0,47.0,1633.2287999999999
N017,RN,2025-10-11,13,Evening,8.0,47.0,1966.86
N022,RN,2025-10-11,13,Evening,8.0,47.0,1916.0568
N024,SoSu,2025-10-11,13,Evening,8.0,47.0,1667.0975999999998
N029,RN,2025-10-11,13,Evening,8.0,47.0,1901.5919999999999
N011,RN,2025-10-11,13,Night,8.0,47.0,2028.3647999999998
N012,RN,2025-10-11,13,Night,8.0,47.0,2053.7664
N020,RN,2025-10-11,13,Night,8.0,47.0,2017.5456
N001,SoSu,2025-10-12,14,Day,8.0,47.0,1710.6096
N003,RN,2025-10-12,14,Day,8.0,47.0,2017.5456
N004,SoSu,2025-10-12,14,Day,8.0,47.0,1613.3544
N006,RN,2025-10-12,14,Day,8.0,47.0,1977.6791999999998
N007,RN,2025-10-12,14,Day,8.0,47.0,1937.8128
N009,SoSu,2025-10-12,14,Day,8.0,47.0,1766.8224
N014,RN,2025-10-12,14,Day,8.0,47.0,2006.6088
N016,RN,2025-10-12,14,Day,8.0,47.0,1945.104
N005,SoSu,2025-10-12,14,Evening,8.0,47.0,1633.2287999999999
N017,RN,2025-10-12,14,Evening,8.0,47.0,1966.86
N022,RN,2025-10-12,14,Evening,8.0,47.0,1916.0568
N024,SoSu,2025-10-12,14,Evening,8.0,47.0,1667.0975999999998
N029,RN,2025-10-12,14,Evening,8.0,47.0,1901.5919999999999
N011,RN,2025-10-12,14,Night,8.0,47.0,2028.3647999999998
N012,RN,2025-10-12,14,Night,8.0,47.0,2053.7664
N027,SoSu,2025-10-12,14,Night,8.0,47.0,1867.488
N002,RN,2025-10-13,15,Day,8.0,0.0,1436.56
N009,SoSu,2025-10-13,15,Day,8.0,0.0,1201.92
N010,RN,2025-10-13,15,Day,8.0,0.0,1600.4
N019,RN,2025-10-13,15,Day,8.0,0.0,1537.28
N021,RN,2025-10-13,15,Day,8.0,0.0,1477.68
N025,RN,2025-10-13,15,Day,8.0,0.0,1463.6
N026,RN,2025-10-13,15,Day,8.0,0.0,1632.0
N030,RN,2025-10-13,15,Day,8.0,0.0,1461.2
N001,SoSu,2025-10-13,15,Evening,8.0,20.0,1396.416
N003,RN,2025-10-13,15,Evening,8.0,20.0,1646.9759999999999
N005,SoSu,2025-10-13,15,Evening,8.0,20.0,1333.2479999999998
N014,RN,2025-10-13,15,Evening,8.0,20.0,1638.048
N017,RN,2025-10-13,15,Evening,8.0,20.0,1605.6
N004,SoSu,2025-10-13,15,Night,8.0,32.8125,1457.64375
N023,RN,2025-10-13,15,Night,8.0,32.8125,1927.48125
N028,RN,2025-10-13,15,Night,8.0,32.8125,1937.3625
N002,RN,2025-10-14,16,Day,8.0,0.0,1436.56
N008,RN,2025-10-14,16,Day,8.0,0.0,1533.76
N009,SoSu,2025-10-14,16,Day,8.0,0.0,1201.92
N010,RN,2025-10-14,16,Day,8.0,0.0,1600.4
N011,RN,2025-10-14,16,Day,8.0,0.0,1379.84
N012,RN,2025-10-14,16,Day,8.0,0.0,1397.12
N020,RN,2025-10-14,16,Day,8.0,0.0,1372.48
N027,SoSu,2025-10-14,16,Day,8.0,0.0,1270.4
N001,SoSu,2025-10-14,16,Evening,8.0,20.0,1396.416
N003,RN,2025-10-14,16,Evening,8.0,20.0,1646.9759999999999
N016,RN,2025-10-14,16,Evening,8.0,20.0,1587.84
N022,RN,2025-10-14,16,Evening,8.0,20.0,1564.128
N024,SoSu,2025-10-14,16,Evening,8.0,20.0,1360.896
N005,SoSu,2025-10-14,16,Night,8.0,32.8125,1475.6
N013,RN,2025-10-14,16,Night,8.0,32.8125,2069.6437499999997
N019,RN,2025-10-14,16,Night,8.0,32.8125,2041.7
N002,RN,2025-10-15,17,Day,8.0,0.0,1436.56
N008,RN,2025-10-15,17,Day,8.0,0.0,1533.76
N009,SoSu,2025-10-15,17,Day,8.0,0.0,1201.92
N011,RN,2025-10-15,17,Day,8.0,0.0,1379.84
N012,RN,2025-10-15,17,Day,8.0,0.0,1397.12
N025,RN,2025-10-15,17,Day,8.0,0.0,1463.6
N027,SoSu,2025-10-15,17,Day,8.0,0.0,1270.4
N030,RN,2025-10-15,17,Day,8.0,0.0,1461.2
N001,SoSu,2025-10-15,17,Evening,8.0,20.0,1396.416
N014,RN,2025-10-15,17,Evening,8.0,20.0,1638.048
N017,RN,2025-10-15,17,Evening,8.0,20.0,1605.6
N020,RN,2025-10-15,17,Evening,8.0,20.0,1646.9759999999999
N024,SoSu,2025-10-15,17,Evening,8.0,20.0,1360.896
N004,SoSu,2025-10-15,17,Night,8.0,32.8125,1457.64375
N010,RN,2025-10-15,17,Night,8.0,32.8125,2125.53125
N019,RN,2025-10-15,17,Night,8.0,32.8125,2041.7
N002,RN,2025-10-16,18,Day,8.0,0.0,1436.56
N009,SoSu,2025-10-16,18,Day,8.0,0.0,1201.92
N011,RN,2025-10-16,18,Day,8.0,0.0,1379.84
N012,RN,2025-10-16,18,Day,8.0,0.0,1397.12
N021,RN,2025-10-16,18,Day,8.0,0.0,1477.68
N027,SoSu,2025-10-16,18,Day,8.0,0.0,1270.4
N028,RN,2025-10-16,18,Day,8.0,0.0,1458.72
N030,RN,2025-10-16,18,Day,8.0,0.0,1461.2
N001,SoSu,2025-10-16,18,Evening,8.0,20.0,1396.416
N003,RN,2025-10-16,18,Evening,8.0,20.0,1646.9759999999999
N007,RN,2025-10-16,18,Evening,8.0,20.0,1581.888
N020,RN,2025-10-16,18,Evening,8.0,20.0,1646.9759999999999
N024,SoSu,2025-10-16,18,Evening,8.0,20.0,1360.896
N004,SoSu,2025-10-16,18,Night,8.0,32.8125,1457.64375
N013,RN,2025-10-16,18,Night,8.0,32.8125,2069.6437499999997
N016,RN,2025-10-16,18,Night,8.0,32.8125,1757.375
N002,RN,2025-10-17,19,Day,8.0,0.0,1436.56
N008,RN,2025-10-17,19,Day,8.0,0.0,1533.76
N011,RN,2025-10-17,19,Day,8.0,0.0,1379.84
N012,RN,2025-10-17,19,Day,8.0,0.0,1397.12
N019,RN,2025-10-17,19,Day,8.0,0.0,1537.28
N023,RN,2025-10-17,19,Day,8.0,0.0,1451.28
N025,RN,2025-10-17,19,Day,8.0,0.0,1463.6
N026,RN,2025-10-17,19,Day,8.0,0.0,1632.0
N001,SoSu,2025-10-17,19,Evening,8.0,20.0,1396.416
N003,RN,2025-10-17,19,Evening,8.0,20.0,1646.9759999999999
N014,RN,2025-10-17,19,Evening,8.0,20.0,1638.048
N017,RN,2025-10-17,19,Evening,8.0,20.0,1605.6
N024,SoSu,2025-10-17,19,Evening,8.0,20.0,1360.896
N009,SoSu,2025-10-17,19,Night,8.0,32.8125,1596.3000000000002
N010,RN,2025-10-17,19,Night,8.0,32.8125,2125.53125
N013,RN,2025-10-17,19,Night,8.0,32.8125,2069.6437499999997
N004,SoSu,2025-10-18,20,Day,8.0,47.0,1613.3544
N005,SoSu,2025-10-18,20,Day,8.0,47.0,1633.2287999999999
N007,RN,2025-10-18,20,Day,8.0,47.0,1937.8128
N011,RN,2025-10-18,20,Day,8.0,47.0,2028.3647999999998
N012,RN,2025-10-18,20,Day,8.0,47.0,2053.7664
N016,RN,2025-10-18,20,Day,8.0,47.0,1945.104
N022,RN,2025-10-18,20,Day,8.0,47.0,1916.0568
N027,SoSu,2025-10-18,20,Day,8.0,47.0,1867.488
N001,SoSu,2025-10-18,20,Evening,8.0,47.0,1710.6096
N014,RN,2025-10-18,20,Evening,8.0,47.0,2006.6088
N017,RN,2025-10-18,20,Evening,8.0,47.0,1966.86
N024,SoSu,2025-10-18,20,Evening,8.0,47.0,1667.0975999999998
N029,RN,2025-10-18,20,Evening,8.0,47.0,1901.5919999999999
N009,SoSu,2025-10-18,20,Night,8.0,47.0,1766.8224
N018,RN,2025-10-18,20,Night,8.0,47.0,2053.7664
N023,RN,2025-10-18,20,Night,8.0,47.0,2133.3815999999997
N003,RN,2025-10-19,21,Day,8.0,47.0,2017.5456
N006,RN,2025-10-19,21,Day,8.0,47.0,1977.6791999999998
N007,RN,2025-10-19,21,Day,8.0,47.0,1937.8128
N011,RN,2025-10-19,21,Day,8.0,47.0,2028.3647999999998
N016,RN,2025-10-19,21,Day,8.0,47.0,1945.104
N020,RN,2025-10-19,21,Day,8.0,47.0,2017.5456
N022,RN,2025-10-19,21,Day,8.0,47.0,1916.0568
N027,SoSu,2025-10-19,21,Day,8.0,47.0,1867.488
N004,SoSu,2025-10-19,21,Evening,8.0,47.0,1613.3544
N014,RN,2025-10-19,21,Evening,8.0,47.0,2006.6088
N015,RN,2025-10-19,21,Evening,8.0,47.0,1948.7496
N024,SoSu,2025-10-19,21,Evening,8.0,47.0,1667.0975999999998
N029,RN,2025-10-19,21,Evening,8.0,47.0,1901.5919999999999
N012,RN,2025-10-19,21,Night,8.0,47.0,2053.7664
N018,RN,2025-10-19,21,Night,8.0,47.0,2053.7664
N023,RN,2025-10-19,21,Night,8.0,47.0,2133.3815999999997
N002,RN,2025-10-20,22,Day,8.0,0.0,1436.56
N011,RN,2025-10-20,22,Day,8.0,0.0,1379.84
N013,RN,2025-10-20,22,Day,8.0,0.0,1558.32
N019,RN,2025-10-20,22,Day,8.0,0.0,1537.28
N021,RN,2025-10-20,22,Day,8.0,0.0,1477.68
N025,RN,2025-10-20,22,Day,8.0,0.0,1463.6
N027,SoSu,2025-10-20,22,Day,8.0,0.0,1270.4
N030,RN,2025-10-20,22,Day,8.0,0.0,1461.2
N004,SoSu,2025-10-20,22,Evening,8.0,20.0,1317.024
N009,SoSu,2025-10-20,22,Evening,8.0,20.0,1442.304
N016,RN,2025-10-20,22,Evening,8.0,20.0,1587.84
N017,RN,2025-10-20,22,Evening,8.0,20.0,1605.6
N022,RN,2025-10-20,22,Evening,8.0,20.0,1564.128
N005,SoSu,2025-10-20,22,Night,8.0,32.8125,1475.6
N010,RN,2025-10-20,22,Night,8.0,32.8125,2125.53125
N028,RN,2025-10-20,22,Night,8.0,32.8125,1937.3625
N002,RN,2025-10-21,23,Day,8.0,0.0,1436.56
N011,RN,2025-10-21,23,Day,8.0,0.0,1379.84
N013,RN,2025-10-21,23,Day,8.0,0.0,1558.32
N018,RN,2025-10-21,23,Day,8.0,0.0,1397.12
N019,RN,2025-10-21,23,Day,8.0,0.0,1537.28
N023,RN,2025-10-21,23,Day,8.0,0.0,1451.28
N025,RN,2025-10-21,23,Day,8.0,0.0,1463.6
N030,RN,2025-10-21,23,Day,8.0,0.0,1461.2
N001,SoSu,2025-10-21,23,Evening,8.0,20.0,1396.416
N009,SoSu,2025-10-21,23,Evening,8.0,20.0,1442.304
N014,RN,2025-10-21,23,Evening,8.0,20.0,1638.048
N016,RN,2025-10-21,23,Evening,8.0,20.0,1587.84
N017,RN,2025-10-21,23,Evening,8.0,20.0,1605.6
N022,RN,2025-10-21,23,Night,8.0,32.8125,1731.1312500000001
N024,SoSu,2025-10-21,23,Night,8.0,32.8125,1506.1999999999998
N029,RN,2025-10-21,23,Night,8.0,32.8125,1718.0624999999998
N010,RN,2025-10-22,24,Day,8.0,0.0,1600.4
N011,RN,2025-10-22,24,Day,8.0,0.0,1379.84
N013,RN,2025-10-22,24,Day,8.0,0.0,1558.32
N018,RN,2025-10-22,24,Day,8.0,0.0,1397.12
N019,RN,2025-10-22,24,Day,8.0,0.0,1537.28
N021,RN,2025-10-22,24,Day,8.0,0.0,1477.68
N026,RN,2025-10-22,24,Day,8.0,0.0,1632.0
N027,SoSu,2025-10-22,24,Day,8.0,0.0,1270.4
N001,SoSu,2025-10-22,24,Evening,8.0,20.0,1396.416
N005,SoSu,2025-10-22,24,Evening,8.0,20.0,1333.2479999999998
N014,RN,2025-10-22,24,Evening,8.0,20.0,1638.048
N017,RN,2025-10-22,24,Evening,8.0,20.0,1605.6
N020,RN,2025-10-22,24,Evening,8.0,20.0,1646.9759999999999
N022,RN,2025-10-22,24,Night,8.0,32.8125,1731.1312500000001
N023,RN,2025-10-22,24,Night,8.0,32.8125,1927.48125
N024,SoSu,2025-10-22,24,Night,8.0,32.8125,1506.1999999999998
N008,RN,2025-10-23,25,Day,8.0,0.0,1533.76
N011,RN,2025-10-23,25,Day,8.0,0.0,1379.84
N012,RN,2025-10-23,25,Day,8.0,0.0,1397.12
N018,RN,2025-10-23,25,Day,8.0,0.0,1397.12
N019,RN,2025-10-23,25,Day,8.0,0.0,1537.28
N025,RN,2025-10-23,25,Day,8.0,0.0,1463.6
N027,SoSu,2025-10-23,25,Day,8.0,0.0,1270.4
N030,RN,2025-10-23,25,Day,8.0,0.0,1461.2
N001,SoSu,2025-10-23,25,Evening,8.0,20.0,1396.416
N009,SoSu,2025-10-23,25,Evening,8.0,20.0,1442.304
N016,RN,2025-10-23,25,Evening,8.0,20.0,1587.84
N017,RN,2025-10-23,25,Evening,8.0,20.0,1605.6
N020,RN,2025-10-23,25,Evening,8.0,20.0,1646.9759999999999
N005,SoSu,2025-10-23,25,Night,8.0,32.8125,1475.6
N013,RN,2025-10-23,25,Night,8.0,32.8125,2069.6437499999997
N029,RN,2025-10-23,25,Night,8.0,32.8125,1718.0624999999998
N008,RN,2025-10-24,26,Day,8.0,0.0,1533.76
N011,RN,2025-10-24,26,Day,8.0,0.0,1379.84
N012,RN,2025-10-24,26,Day,8.0,0.0,1397.12
N018,RN,2025-10-24,26,Day,8.0,0.0,1397.12
N019,RN,2025-10-24,26,Day,8.0,0.0,1537.28
N021,RN,2025-10-24,26,Day,8.0,0.0,1477.68
N025,RN,2025-10-24,26,Day,8.0,0.0,1463.6
N026,RN,2025-10-24,26,Day,8.0,0.0,1632.0
N001,SoSu,2025-10-24,26,Evening,8.0,20.0,1396.416
N014,RN,2025-10-24,26,Evening,8.0,20.0,1638.048
N016,RN,2025-10-24,26,Evening,8.0,20.0,1587.84
N020,RN,2025-10-24,26,Evening,8.0,20.0,1646.9759999999999
N024,SoSu,2025-10-24,26,Evening,8.0,20.0,1360.896
N009,SoSu,2025-10-24,26,Night,8.0,32.8125,1596.3000000000002
N023,RN,2025-10-24,26,Night,8.0,32.8125,1927.48125
N030,RN,2025-10-24,26,Night,8.0,32.8125,1940.65625
N003,RN,2025-10-25,27,Day,8.0,47.0,2017.5456
N004,SoSu,2025-10-25,27,Day,8.0,47.0,1613.3544
N005,SoSu,2025-10-25,27,Day,8.0,47.0,1633.2287999999999
N007,RN,2025-10-25,27,Day,8.0,47.0,1937.8128
N017,RN,2025-10-25,27,Day,8.0,47.0,1966.86
N022,RN,2025-10-25,27,Day,8.0,47.0,1916.0568
N027,SoSu,2025-10-25,27,Day,8.0,47.0,1867.488
N029,RN,2025-10-25,27,Day,8.0,47.0,1901.5919999999999
N001,SoSu,2025-10-25,27,Evening,8.0,47.0,1710.6096
N006,RN,2025-10-25,27,Evening,8.0,47.0,1977.6791999999998
N014,RN,2025-10-25,27,Evening,8.0,47.0,2006.6088
N016,RN,2025-10-25,27,Evening,8.0,47.0,1945.104
N024,SoSu,2025-10-25,27,Evening,8.0,47.0,1667.0975999999998
N009,SoSu,2025-10-25,27,Night,8.0,47.0,1766.8224
N011,RN,2025-10-25,27,Night,8.0,47.0,2028.3647999999998
N020,RN,2025-10-25,27,Night,8.0,47.0,2017.5456
N004,SoSu,2025-10-26,28,Day,8.0,47.0,1613.3544
N005,SoSu,2025-10-26,28,Day,8.0,47.0,1633.2287999999999
N007,RN,2025-10-26,28,Day,8.0,47.0,1937.8128
N015,RN,2025-10-26,28,Day,8.0,47.0,1948.7496
N017,RN,2025-10-26,28,Day,8.0,47.0,1966.86
N022,RN,2025-10-26,28,Day,8.0,47.0,1916.0568
N027,SoSu,2025-10-26,28,Day,8.0,47.0,1867.488
N029,RN,2025-10-26,28,Day,8.0,47.0,1901.5919999999999
N001,SoSu,2025-10-26,28,Evening,8.0,47.0,1710.6096
N006,RN,2025-10-26,28,Evening,8.0,47.0,1977.6791999999998
N014,RN,2025-10-26,28,Evening,8.0,47.0,2006.6088
N016,RN,2025-10-26,28,Evening,8.0,47.0,1945.104
N024,SoSu,2025-10-26,28,Evening,8.0,47.0,1667.0975999999998
N003,RN,2025-10-26,28,Night,8.0,47.0,2017.5456
N009,SoSu,2025-10-26,28,Night,8.0,47.0,1766.8224
N020,RN,2025-10-26,28,Night,8.0,47.0,2017.5456
N008,RN,2025-10-27,29,Day,8.0,0.0,1533.76
N010,RN,2025-10-27,29,Day,8.0,0.0,1600.4
N011,RN,2025-10-27,29,Day,8.0,0.0,1379.84
N018,RN,2025-10-27,29,Day,8.0,0.0,1397.12
N019,RN,2025-10-27,29,Day,8.0,0.0,1537.28
N023,RN,2025-10-27,29,Day,8.0,0.0,1451.28
N026,RN,2025-10-27,29,Day,8.0,0.0,1632.0
N027,SoSu,2025-10-27,29,Day,8.0,0.0,1270.4
N005,SoSu,2025-10-27,29,Evening,8.0,20.0,1333.2479999999998
N014,RN,2025-10-27,29,Evening,8.0,20.0,1638.048
N016,RN,2025-10-27,29,Evening,8.0,20.0,1587.84
N017,RN,2025-10-27,29,Evening,8.0,20.0,1605.6
N024,SoSu,2025-10-27,29,Evening,8.0,20.0,1360.896
N004,SoSu,2025-10-27,29,Night,8.0,32.8125,1457.64375
N021,RN,2025-10-27,29,Night,8.0,32.8125,1962.54375
N022,RN,2025-10-27,29,Night,8.0,32.8125,1731.1312500000001
N008,RN,2025-10-28,30,Day,8.0,0.0,1533.76
N009,SoSu,2025-10-28,30,Day,8.0,0.0,1201.92
N010,RN,2025-10-28,30,Day,8.0,0.0,1600.4
N011,RN,2025-10-28,30,Day,8.0,0.0,1379.84
N013,RN,2025-10-28,30,Day,8.0,0.0,1558.32
N018,RN,2025-10-28,30,Day,8.0,0.0,1397.12
N023,RN,2025-10-28,30,Day,8.0,0.0,1451.28
N030,RN,2025-10-28,30,Day,8.0,0.0,1461.2
N001,SoSu,2025-10-28,30,Evening,8.0,20.0,1396.416
N003,RN,2025-10-28,30,Evening,8.0,20.0,1646.9759999999999
N017,RN,2025-10-28,30,Evening,8.0,20.0,1605.6
N020,RN,2025-10-28,30,Evening,8.0,20.0,1646.9759999999999
N024,SoSu,2025-10-28,30,Evening,8.0,20.0,1360.896
N004,SoSu,2025-10-28,30,Night,8.0,32.8125,1457.64375
N016,RN,2025-10-28,30,Night,8.0,32.8125,1757.375
N019,RN,2025-10-28,30,Night,8.0,32.8125,2041.7
N002,RN,2025-10-29,31,Day,8.0,0.0,1436.56
N008,RN,2025-10-29,31,Day,8.0,0.0,1533.76
N009,SoSu,2025-10-29,31,Day,8.0,0.0,1201.92
N012,RN,2025-10-29,31,Day,8.0,0.0,1397.12
N018,RN,2025-10-29,31,Day,8.0,0.0,1397.12
N026,RN,2025-10-29,31,Day,8.0,0.0,1632.0
N027,SoSu,2025-10-29,31,Day,8.0,0.0,1270.4
N030,RN,2025-10-29,31,Day,8.0,0.0,1461.2
N003,RN,2025-10-29,31,Evening,8.0,20.0,1646.9759999999999
N005,SoSu,2025-10-29,31,Evening,8.0,20.0,1333.2479999999998
N017,RN,2025-10-29,31,Evening,8.0,20.0,1605.6
N022,RN,2025-10-29,31,Evening,8.0,20.0,1564.128
N024,SoSu,2025-10-29,31,Evening,8.0,20.0,1360.896
N001,SoSu,2025-10-29,31,Night,8.0,32.8125,1545.5125
N016,RN,2025-10-29,31,Night,8.0,32.8125,1757.375
N019,RN,2025-10-29,31,Night,8.0,32.8125,2041.7
N002,RN,2025-10-30,32,Day,8.0,0.0,1436.56
N008,RN,2025-10-30,32,Day,8.0,0.0,1533.76
N011,RN,2025-10-30,32,Day,8.0,0.0,1379.84
N023,RN,2025-10-30,32,Day,8.0,0.0,1451.28
N025,RN,2025-10-30,32,Day,8.0,0.0,1463.6
N026,RN,2025-10-30,32,Day,8.0,0.0,1632.0
N027,SoSu,2025-10-30,32,Day,8.0,0.0,1270.4
N030,RN,2025-10-30,32,Day,8.0,0.0,1461.2
N003,RN,2025-10-30,32,Evening,8.0,20.0,1646.9759999999999
N005,SoSu,2025-10-30,32,Evening,8.0,20.0,1333.2479999999998
N020,RN,2025-10-30,32,Evening,8.0,20.0,1646.9759999999999
N022,RN,2025-10-30,32,Evening,8.0,20.0,1564.128
N024,SoSu,2025-10-30,32,Evening,8.0,20.0,1360.896
N004,SoSu,2025-10-30,32,Night,8.0,32.8125,1457.64375
N017,RN,2025-10-30,32,Night,8.0,32.8125,1777.03125
N029,RN,2025-10-30,32,Night,8.0,32.8125,1718.0624999999998
N002,RN,2025-10-31,33,Day,8.0,0.0,1436.56
N008,RN,2025-10-31,33,Day,8.0,0.0,1533.76
N011,RN,2025-10-31,33,Day,8.0,0.0,1379.84
N013,RN,2025-10-31,33,Day,8.0,0.0,1558.32
N021,RN,2025-10-31,33,Day,8.0,0.0,1477.68
N026,RN,2025-10-31,33,Day,8.0,0.0,1632.0
N027,SoSu,2025-10-31,33,Day,8.0,0.0,1270.4
N030,RN,2025-10-31,33,Day,8.0,0.0,1461.2
N001,SoSu,2025-10-31,33,Evening,8.0,20.0,1396.416
N003,RN,2025-10-31,33,Evening,8.0,20.0,1646.9759999999999
N005,SoSu,2025-10-31,33,Evening,8.0,20.0,1333.2479999999998
N007,RN,2025-10-31,33,Evening,8.0,20.0,1581.888
N016,RN,2025-10-31,33,Evening,8.0,20.0,1587.84
N009,SoSu,2025-10-31,33,Night,8.0,32.8125,1596.3000000000002
N010,RN,2025-10-31,33,Night,8.0,32.8125,2125.53125
N019,RN,2025-10-31,33,Night,8.0,32.8125,2041.7
N004,SoSu,2025-11-01,34,Day,8.0,47.0,1613.3544
N011,RN,2025-11-01,34,Day,8.0,47.0,2028.3647999999998
N014,RN,2025-11-01,34,Day,8.0,47.0,2006.6088
N015,RN,2025-11-01,34,Day,8.0,47.0,1948.7496
N017,RN,2025-11-01,34,Day,8.0,47.0,1966.86
N020,RN,2025-11-01,34,Day,8.0,47.0,2017.5456
N022,RN,2025-11-01,34,Day,8.0,47.0,1916.0568
N024,SoSu,2025-11-01,34,Day,8.0,47.0,1667.0975999999998
N001,SoSu,2025-11-01,34,Evening,8.0,47.0,1710.6096
N003,RN,2025-11-01,34,Evening,8.0,47.0,2017.5456
N005,SoSu,2025-11-01,34,Evening,8.0,47.0,1633.2287999999999
N007,RN,2025-11-01,34,Evening,8.0,47.0,1937.8128
N016,RN,2025-11-01,34,Evening,8.0,47.0,1945.104
N012,RN,2025-11-01,34,Night,8.0,47.0,2053.7664
N018,RN,2025-11-01,34,Night,8.0,47.0,2053.7664
N029,RN,2025-11-01,34,Night,8.0,47.0,1901.5919999999999
N004,SoSu,2025-11-02,35,Day,8.0,47.0,1613.3544
N006,RN,2025-11-02,35,Day,8.0,47.0,1977.6791999999998
N009,SoSu,2025-11-02,35,Day,8.0,47.0,1766.8224
N014,RN,2025-11-02,35,Day,8.0,47.0,2006.6088
N015,RN,2025-11-02,35,Day,8.0,47.0,1948.7496
N017,RN,2025-11-02,35,Day,8.0,47.0,1966.86
N022,RN,2025-11-02,35,Day,8.0,47.0,1916.0568
N024,SoSu,2025-11-02,35,Day,8.0,47.0,1667.0975999999998
N001,SoSu,2025-11-02,35,Evening,8.0,47.0,1710.6096
N005,SoSu,2025-11-02,35,Evening,8.0,47.0,1633.2287999999999
N007,RN,2025-11-02,35,Evening,8.0,47.0,1937.8128
N016,RN,2025-11-02,35,Evening,8.0,47.0,1945.104
N020,RN,2025-11-02,35,Evening,8.0,47.0,2017.5456
N003,RN,2025-11-02,35,Night,8.0,47.0,2017.5456
N027,SoSu,2025-11-02,35,Night,8.0,47.0,1867.488
N029,RN,2025-11-02,35,Night,8.0,47.0,1901.5919999999999
N008,RN,2025-11-03,36,Day,8.0,0.0,1533.76
N009,SoSu,2025-11-03,36,Day,8.0,0.0,1201.92
N010,RN,2025-11-03,36,Day,8.0,0.0,1600.4
N011,RN,2025-11-03,36,Day,8.0,0.0,1379.84
N018,RN,2025-11-03,36,Day,8.0,0.0,1397.12
N019,RN,2025-11-03,36,Day,8.0,0.0,1537.28
N021,RN,2025-11-03,36,Day,8.0,0.0,1477.68
N026,RN,2025-11-03,36,Day,8.0,0.0,1632.0
N001,SoSu,2025-11-03,36,Evening,8.0,20.0,1396.416
N005,SoSu,2025-11-03,36,Evening,8.0,20.0,1333.2479999999998
N016,RN,2025-11-03,36,Evening,8.0,20.0,1587.84
N020,RN,2025-11-03,36,Evening,8.0,20.0,1646.9759999999999
N022,RN,2025-11-03,36,Evening,8.0,20.0,1564.128
N004,SoSu,2025-11-03,36,Night,8.0,32.8125,1457.64375
N017,RN,2025-11-03,36,Night,8.0,32.8125,1777.03125
N030,RN,2025-11-03,36,Night,8.0,32.8125,1940.65625
N002,RN,2025-11-04,37,Day,8.0,0.0,1436.56
N011,RN,2025-11-04,37,Day,8.0,0.0,1379.84
N018,RN,2025-11-04,37,Day,8.0,0.0,1397.12
N019,RN,2025-11-04,37,Day,8.0,0.0,1537.28
N023,RN,2025-11-04,37,Day,8.0,0.0,1451.28
N025,RN,2025-11-04,37,Day,8.0,0.0,1463.6
N026,RN,2025-11-04,37,Day,8.0,0.0,1632.0
N027,SoSu,2025-11-04,37,Day,8.0,0.0,1270.4
N001,SoSu,2025-11-04,37,Evening,8.0,20.0,1396.416
N009,SoSu,2025-11-04,37,Evening,8.0,20.0,1442.304
N014,RN,2025-11-04,37,Evening,8.0,20.0,1638.048
N016,RN,2025-11-04,37,Evening,8.0,20.0,1587.84
N020,RN,2025-11-04,37,Evening,8.0,20.0,1646.9759999999999
N005,SoSu,2025-11-04,37,Night,8.0,32.8125,1475.6
N017,RN,2025-11-04,37,Night,8.0,32.8125,1777.03125
N022,RN,2025-11-04,37,Night,8.0,32.8125,1731.1312500000001
N008,RN,2025-11-05,38,Day,8.0,0.0,1533.76
N010,RN,2025-11-05,38,Day,8.0,0.0,1600.4
N011,RN,2025-11-05,38,Day,8.0,0.0,1379.84
N012,RN,2025-11-05,38,Day,8.0,0.0,1397.12
N019,RN,2025-11-05,38,Day,8.0,0.0,1537.28
N021,RN,2025-11-05,38,Day,8.0,0.0,1477.68
N026,RN,2025-11-05,38,Day,8.0,0.0,1632.0
N027,SoSu,2025-11-05,38,Day,8.0,0.0,1270.4
N001,SoSu,2025-11-05,38,Evening,8.0,20.0,1396.416
N003,RN,2025-11-05,38,Evening,8.0,20.0,1646.9759999999999
N016,RN,2025-11-05,38,Evening,8.0,20.0,1587.84
N020,RN,2025-11-05,38,Evening,8.0,20.0,1646.9759999999999
N024,SoSu,2025-11-05,38,Evening,8.0,20.0,1360.896
N009,SoSu,2025-11-05,38,Night,8.0,32.8125,1596.3000000000002
N022,RN,2025-11-05,38,Night,8.0,32.8125,1731.1312500000001
N030,RN,2025-11-05,38,Night,8.0,32.8125,1940.65625
N011,RN,2025-11-06,39,Day,8.0,0.0,1379.84
N012,RN,2025-11-06,39,Day,8.0,0.0,1397.12
N013,RN,2025-11-06,39,Day,8.0,0.0,1558.32
N018,RN,2025-11-06,39,Day,8.0,0.0,1397.12
N019,RN,2025-11-06,39,Day,8.0,0.0,1537.28
N021,RN,2025-11-06,39,Day,8.0,0.0,1477.68
N026,RN,2025-11-06,39,Day,8.0,0.0,1632.0
N028,RN,2025-11-06,39,Day,8.0,0.0,1458.72
N005,SoSu,2025-11-06,39,Evening,8.0,20.0,1333.2479999999998
N014,RN,2025-11-06,39,Evening,8.0,20.0,1638.048
N016,RN,2025-11-06,39,Evening,8.0,20.0,1587.84
N017,RN,2025-11-06,39,Evening,8.0,20.0,1605.6
N024,SoSu,2025-11-06,39,Evening,8.0,20.0,1360.896
N009,SoSu,2025-11-06,39,Night,8.0,32.8125,1596.3000000000002
N010,RN,2025-11-06,39,Night,8.0,32.8125,2125.53125
N030,RN,2025-11-06,39,Night,8.0,32.8125,1940.65625
N002,RN,2025-11-07,40,Day,8.0,0.0,1436.56
N008,RN,2025-11-07,40,Day,8.0,0.0,1533.76
N011,RN,2025-11-07,40,Day,8.0,0.0,1379.84
N012,RN,2025-11-07,40,Day,8.0,0.0,1397.12
N019,RN,2025-11-07,40,Day,8.0,0.0,1537.28
N021,RN,2025-11-07,40,Day,8.0,0.0,1477.68
N023,RN,2025-11-07,40,Day,8.0,0.0,1451.28
N026,RN,2025-11-07,40,Day,8.0,0.0,1632.0
N001,SoSu,2025-11-07,40,Evening,8.0,20.0,1396.416
N003,RN,2025-11-07,40,Evening,8.0,20.0,1646.9759999999999
N005,SoSu,2025-11-07,40,Evening,8.0,20.0,1333.2479999999998
N020,RN,2025-11-07,40,Evening,8.0,20.0,1646.9759999999999
N022,RN,2025-11-07,40,Evening,8.0,20.0,1564.128
N013,RN,2025-11-07,40,Night,8.0,32.8125,2069.6437499999997
N027,SoSu,2025-11-07,40,Night,8.0,32.8125,1687.2500000000002
N030,RN,2025-11-07,40,Night,8.0,32.8125,1940.65625
N004,SoSu,2025-11-08,41,Day,8.0,47.0,1613.3544
N009,SoSu,2025-11-08,41,Day,8.0,47.0,1766.8224
N014,RN,2025-11-08,41,Day,8.0,47.0,2006.6088
N015,RN,2025-11-08,41,Day,8.0,47.0,1948.7496
N016,RN,2025-11-08,41,Day,8.0,47.0,1945.104
N017,RN,2025-11-08,41,Day,8.0,47.0,1966.86
N024,SoSu,2025-11-08,41,Day,8.0,47.0,1667.0975999999998
N029,RN,2025-11-08,41,Day,8.0,47.0,1901.5919999999999
N001,SoSu,2025-11-08,41,Evening,8.0,47.0,1710.6096
N005,SoSu,2025-11-08,41,Evening,8.0,47.0,1633.2287999999999
N007,RN,2025-11-08,41,Evening,8.0,47.0,1937.8128
N020,RN,2025-11-08,41,Evening,8.0,47.0,2017.5456
N022,RN,2025-11-08,41,Evening,8.0,47.0,1916.0568
N003,RN,2025-11-08,41,Night,8.0,47.0,2017.5456
N011,RN,2025-11-08,41,Night,8.0,47.0,2028.3647999999998
N027,SoSu,2025-11-08,41,Night,8.0,47.0,1867.488
N004,SoSu,2025-11-09,42,Day,8.0,47.0,1613.3544
N006,RN,2025-11-09,42,Day,8.0,47.0,1977.6791999999998
N009,SoSu,2025-11-09,42,Day,8.0,47.0,1766.8224
N015,RN,2025-11-09,42,Day,8.0,47.0,1948.7496
N016,RN,2025-11-09,42,Day,8.0,47.0,1945.104
N017,RN,2025-11-09,42,Day,8.0,47.0,1966.86
N024,SoSu,2025-11-09,42,Day,8.0,47.0,1667.0975999999998
N029,RN,2025-11-09,42,Day,8.0,47.0,1901.5919999999999
N001,SoSu,2025-11-09,42,Evening,8.0,47.0,1710.6096
N005,SoSu,2025-11-09,42,Evening,8.0,47.0,1633.2287999999999
N007,RN,2025-11-09,42,Evening,8.0,47.0,1937.8128
N014,RN,2025-11-09,42,Evening,8.0,47.0,2006.6088
N022,RN,2025-11-09,42,Evening,8.0,47.0,1916.0568
N003,RN,2025-11-09,42,Night,8.0,47.0,2017.5456
N020,RN,2025-11-09,42,Night,8.0,47.0,2017.5456
N027,SoSu,2025-11-09,42,Night,8.0,47.0,1867.488
N008,RN,2025-11-10,43,Day,8.0,0.0,1533.76
N011,RN,2025-11-10,43,Day,8.0,0.0,1379.84
N012,RN,2025-11-10,43,Day,8.0,0.0,1397.12
N018,RN,2025-11-10,43,Day,8.0,0.0,1397.12
N019,RN,2025-11-10,43,Day,8.0,0.0,1537.28
N025,RN,2025-11-10,43,Day,8.0,0.0,1463.6
N026,RN,2025-11-10,43,Day,8.0,0.0,1632.0
N030,RN,2025-11-10,43,Day,8.0,0.0,1461.2
N007,RN,2025-11-10,43,Evening,8.0,20.0,1581.888
N009,SoSu,2025-11-10,43,Evening,8.0,20.0,1442.304
N014,RN,2025-11-10,43,Evening,8.0,20.0,1638.048
N022,RN,2025-11-10,43,Evening,8.0,20.0,1564.128
N024,SoSu,2025-11-10,43,Evening,8.0,20.0,1360.896
N001,SoSu,2025-11-10,43,Night,8.0,32.8125,1545.5125
N021,RN,2025-11-10,43,Night,8.0,32.8125,1962.54375
N029,RN,2025-11-10,43,Night,8.0,32.8125,1718.0624999999998
N010,RN,2025-11-11,44,Day,8.0,0.0,1600.4
N012,RN,2025-11-11,44,Day,8.0,0.0,1397.12
N013,RN,2025-11-11,44,Day,8.0,0.0,1558.32
N019,RN,2025-11-11,44,Day,8.0,0.0,1537.28
N023,RN,2025-11-11,44,Day,8.0,0.0,1451.28
N026,RN,2025-11-11,44,Day,8.0,0.0,1632.0
N027,SoSu,2025-11-11,44,Day,8.0,0.0,1270.4
N030,RN,2025-11-11,44,Day,8.0,0.0,1461.2
N005,SoSu,2025-11-11,44,Evening,8.0,20.0,1333.2479999999998
N009,SoSu,2025-11-11,44,Evening,8.0,20.0,1442.304
N016,RN,2025-11-11,44,Evening,8.0,20.0,1587.84
N017,RN,2025-11-11,44,Evening,8.0,20.0,1605.6
N020,RN,2025-11-11,44,Evening,8.0,20.0,1646.9759999999999
N004,SoSu,2025-11-11,44,Night,8.0,32.8125,1457.64375
N022,RN,2025-11-11,44,Night,8.0,32.8125,1731.1312500000001
N028,RN,2025-11-11,44,Night,8.0,32.8125,1937.3625
N002,RN,2025-11-12,45,Day,8.0,0.0,1436.56
N008,RN,2025-11-12,45,Day,8.0,0.0,1533.76
N011,RN,2025-11-12,45,Day,8.0,0.0,1379.84
N012,RN,2025-11-12,45,Day,8.0,0.0,1397.12
N013,RN,2025-11-12,45,Day,8.0,0.0,1558.32
N018,RN,2025-11-12,45,Day,8.0,0.0,1397.12
N025,RN,2025-11-12,45,Day,8.0,0.0,1463.6
N030,RN,2025-11-12,45,Day,8.0,0.0,1461.2
N003,RN,2025-11-12,45,Evening,8.0,20.0,1646.9759999999999
N005,SoSu,2025-11-12,45,Evening,8.0,20.0,1333.2479999999998
N014,RN,2025-11-12,45,Evening,8.0,20.0,1638.048
N020,RN,2025-11-12,45,Evening,8.0,20.0,1646.9759999999999
N024,SoSu,2025-11-12,45,Evening,8.0,20.0,1360.896
N001,SoSu,2025-11-12,45,Night,8.0,32.8125,1545.5125
N017,RN,2025-11-12,45,Night,8.0,32.8125,1777.03125
N023,RN,2025-11-12,45,Night,8.0,32.8125,1927.48125
N009,SoSu,2025-11-13,46,Day,8.0,0.0,1201.92
N010,RN,2025-11-13,46,Day,8.0,0.0,1600.4
N011,RN,2025-11-13,46,Day,8.0,0.0,1379.84
N012,RN,2025-11-13,46,Day,8.0,0.0,1397.12
N018,RN,2025-11-13,46,Day,8.0,0.0,1397.12
N019,RN,2025-11-13,46,Day,8.0,0.0,1537.28
N028,RN,2025-11-13,46,Day,8.0,0.0,1458.72
N030,RN,2025-11-13,46,Day,8.0,0.0,1461.2
N003,RN,2025-11-13,46,Evening,8.0,20.0,1646.9759999999999
N005,SoSu,2025-11-13,46,Evening,8.0,20.0,1333.2479999999998
N020,RN,2025-11-13,46,Evening,8.0,20.0,1646.9759999999999
N022,RN,2025-11-13,46,Evening,8.0,20.0,1564.128
N024,SoSu,2025-11-13,46,Evening,8.0,20.0,1360.896
N001,SoSu,2025-11-13,46,Night,8.0,32.8125,1545.5125
N017,RN,2025-11-13,46,Night,8.0,32.8125,1777.03125
N023,RN,2025-11-13,46,Night,8.0,32.8125,1927.48125
N010,RN,2025-11-14,47,Day,8.0,0.0,1600.4
N011,RN,2025-11-14,47,Day,8.0,0.0,1379.84
N012,RN,2025-11-14,47,Day,8.0,0.0,1397.12
N013,RN,2025-11-14,47,Day,8.0,0.0,1558.32
N018,RN,2025-11-14,47,Day,8.0,0.0,1397.12
N021,RN,2025-11-14,47,Day,8.0,0.0,1477.68
N026,RN,2025-11-14,47,Day,8.0,0.0,1632.0
N030,RN,2025-11-14,47,Day,8.0,0.0,1461.2
N005,SoSu,2025-11-14,47,Evening,8.0,20.0,1333.2479999999998
N009,SoSu,2025-11-14,47,Evening,8.0,20.0,1442.304
N014,RN,2025-11-14,47,Evening,8.0,20.0,1638.048
N016,RN,2025-11-14,47,Evening,8.0,20.0,1587.84
N020,RN,2025-11-14,47,Evening,8.0,20.0,1646.9759999999999
N019,RN,2025-11-14,47,Night,8.0,32.8125,2041.7
N024,SoSu,2025-11-14,47,Night,8.0,32.8125,1506.1999999999998
N028,RN,2025-11-14,47,Night,8.0,32.8125,1937.3625
N001,SoSu,2025-11-15,48,Day,8.0,47.0,1710.6096
N003,RN,2025-11-15,48,Day,8.0,47.0,2017.5456
N004,SoSu,2025-11-15,48,Day,8.0,47.0,1613.3544
N006,RN,2025-11-15,48,Day,8.0,47.0,1977.6791999999998
N015,RN,2025-11-15,48,Day,8.0,47.0,1948.7496
N017,RN,2025-11-15,48,Day,8.0,47.0,1966.86
N022,RN,2025-11-15,48,Day,8.0,47.0,1916.0568
N027,SoSu,2025-11-15,48,Day,8.0,47.0,1867.488
N005,SoSu,2025-11-15,48,Evening,8.0,47.0,1633.2287999999999
N009,SoSu,2025-11-15,48,Evening,8.0,47.0,1766.8224
N014,RN,2025-11-15,48,Evening,8.0,47.0,2006.6088
N016,RN,2025-11-15,48,Evening,8.0,47.0,1945.104
N020,RN,2025-11-15,48,Evening,8.0,47.0,2017.5456
N011,RN,2025-11-15,48,Night,8.0,47.0,2028.3647999999998
N012,RN,2025-11-15,48,Night,8.0,47.0,2053.7664
N029,RN,2025-11-15,48,Night,8.0,47.0,1901.5919999999999
N001,SoSu,2025-11-16,49,Day,8.0,47.0,1710.6096
N003,RN,2025-11-16,49,Day,8.0,47.0,2017.5456
N004,SoSu,2025-11-16,49,Day,8.0,47.0,1613.3544
N006,RN,2025-11-16,49,Day,8.0,47.0,1977.6791999999998
N007,RN,2025-11-16,49,Day,8.0,47.0,1937.8128
N015,RN,2025-11-16,49,Day,8.0,47.0,1948.7496
N022,RN,2025-11-16,49,Day,8.0,47.0,1916.0568
N024,SoSu,2025-11-16,49,Day,8.0,47.0,1667.0975999999998
N014,RN,2025-11-16,49,Evening,8.0,47.0,2006.6088
N016,RN,2025-11-16,49,Evening,8.0,47.0,1945.104
N017,RN,2025-11-16,49,Evening,8.0,47.0,1966.86
N020,RN,2025-11-16,49,Evening,8.0,47.0,2017.5456
N027,SoSu,2025-11-16,49,Evening,8.0,47.0,1867.488
N011,RN,2025-11-16,49,Night,8.0,47.0,2028.3647999999998
N018,RN,2025-11-16,49,Night,8.0,47.0,2053.7664
N029,RN,2025-11-16,49,Night,8.0,47.0,1901.5919999999999
N008,RN,2025-11-17,50,Day,8.0,0.0,1533.76
N009,SoSu,2025-11-17,50,Day,8.0,0.0,1201.92
N010,RN,2025-11-17,50,Day,8.0,0.0,1600.4
N012,RN,2025-11-17,50,Day,8.0,0.0,1397.12
N019,RN,2025-11-17,50,Day,8.0,0.0,1537.28
N021,RN,2025-11-17,50,Day,8.0,0.0,1477.68
N026,RN,2025-11-17,50,Day,8.0,0.0,1632.0
N030,RN,2025-11-17,50,Day,8.0,0.0,1461.2
N001,SoSu,2025-11-17,50,Evening,8.0,20.0,1396.416
N003,RN,2025-11-17,50,Evening,8.0,20.0,1646.9759999999999
N020,RN,2025-11-17,50,Evening,8.0,20.0,1646.9759999999999
N022,RN,2025-11-17,50,Evening,8.0,20.0,1564.128
N024,SoSu,2025-11-17,50,Evening,8.0,20.0,1360.896
N005,SoSu,2025-11-17,50,Night,8.0,32.8125,1475.6
N017,RN,2025-11-17,50,Night,8.0,32.8125,1777.03125
N023,RN,2025-11-17,50,Night,8.0,32.8125,1927.48125
N008,RN,2025-11-18,51,Day,8.0,0.0,1533.76
N010,RN,2025-11-18,51,Day,8.0,0.0,1600.4
N011,RN,2025-11-18,51,Day,8.0,0.0,1379.84
N018,RN,2025-11-18,51,Day,8.0,0.0,1397.12
N019,RN,2025-11-18,51,Day,8.0,0.0,1537.28
N021,RN,2025-11-18,51,Day,8.0,0.0,1477.68
N027,SoSu,2025-11-18,51,Day,8.0,0.0,1270.4
N030,RN,2025-11-18,51,Day,8.0,0.0,1461.2
N004,SoSu,2025-11-18,51,Evening,8.0,20.0,1317.024
N009,SoSu,2025-11-18,51,Evening,8.0,20.0,1442.304
N016,RN,2025-11-18,51,Evening,8.0,20.0,1587.84
N020,RN,2025-11-18,51,Evening,8.0,20.0,1646.9759999999999
N022,RN,2025-11-18,51,Evening,8.0,20.0,1564.128
N005,SoSu,2025-11-18,51,Night,8.0,32.8125,1475.6
N017,RN,2025-11-18,51,Night,8.0,32.8125,1777.03125
N023,RN,2025-11-18,51,Night,8.0,32.8125,1927.48125
N002,RN,2025-11-19,52,Day,8.0,0.0,1436.56
N008,RN,2025-11-19,52,Day,8.0,0.0,1533.76
N010,RN,2025-11-19,52,Day,8.0,0.0,1600.4
N012,RN,2025-11-19,52,Day,8.0,0.0,1397.12
N019,RN,2025-11-19,52,Day,8.0,0.0,1537.28
N025,RN,2025-11-19,52,Day,8.0,0.0,1463.6
N027,SoSu,2025-11-19,52,Day,8.0,0.0,1270.4
N030,RN,2025-11-19,52,Day,8.0,0.0,1461.2
N003,RN,2025-11-19,52,Evening,8.0,20.0,1646.9759999999999
N004,SoSu,2025-11-19,52,Evening,8.0,20.0,1317.024
N016,RN,2025-11-19,52,Evening,8.0,20.0,1587.84
N022,RN,2025-11-19,52,Evening,8.0,20.0,1564.128
N024,SoSu,2025-11-19,52,Evening,8.0,20.0,1360.896
N001,SoSu,2025-11-19,52,Night,8.0,32.8125,1545.5125
N017,RN,2025-11-19,52,Night,8.0,32.8125,1777.03125
N021,RN,2025-11-19,52,Night,8.0,32.8125,1962.54375
N008,RN,2025-11-20,53,Day,8.0,0.0,1533.76
N009,SoSu,2025-11-20,53,Day,8.0,0.0,1201.92
N010,RN,2025-11-20,53,Day,8.0,0.0,1600.4
N011,RN,2025-11-20,53,Day,8.0,0.0,1379.84
N013,RN,2025-11-20,53,Day,8.0,0.0,1558.32
N018,RN,2025-11-20,53,Day,8.0,0.0,1397.12
N020,RN,2025-11-20,53,Day,8.0,0.0,1372.48
N027,SoSu,2025-11-20,53,Day,8.0,0.0,1270.4
N003,RN,2025-11-20,53,Evening,8.0,20.0,1646.9759999999999
N005,SoSu,2025-11-20,53,Evening,8.0,20.0,1333.2479999999998
N016,RN,2025-11-20,53,Evening,8.0,20.0,1587.84
N022,RN,2025-11-20,53,Evening,8.0,20.0,1564.128
N024,SoSu,2025-11-20,53,Evening,8.0,20.0,1360.896
N004,SoSu,2025-11-20,53,Night,8.0,32.8125,1457.64375
N017,RN,2025-11-20,53,Night,8.0,32.8125,1777.03125
N030,RN,2025-11-20,53,Night,8.0,32.8125,1940.65625
N009,SoSu,2025-11-21,54,Day,8.0,0.0,1201.92
N010,RN,2025-11-21,54,Day,8.0,0.0,1600.4
N011,RN,2025-11-21,54,Day,8.0,0.0,1379.84
N018,RN,2025-11-21,54,Day,8.0,0.0,1397.12
N019,RN,2025-11-21,54,Day,8.0,0.0,1537.28
N023,RN,2025-11-21,54,Day,8.0,0.0,1451.28
N026,RN,2025-11-21,54,Day,8.0,0.0,1632.0
N027,SoSu,2025-11-21,54,Day,8.0,0.0,1270.4
N001,SoSu,2025-11-21,54,Evening,8.0,20.0,1396.416
N003,RN,2025-11-21,54,Evening,8.0,20.0,1646.9759999999999
N007,RN,2025-11-21,54,Evening,8.0,20.0,1581.888
N020,RN,2025-11-21,54,Evening,8.0,20.0,1646.9759999999999
N024,SoSu,2025-11-21,54,Evening,8.0,20.0,1360.896
N005,SoSu,2025-11-21,54,Night,8.0,32.8125,1475.6
N013,RN,2025-11-21,54,Night,8.0,32.8125,2069.6437499999997
N021,RN,2025-11-21,54,Night,8.0,32.8125,1962.54375
N004,SoSu,2025-11-22,55,Day,8.0,47.0,1613.3544
N006,RN,2025-11-22,55,Day,8.0,47.0,1977.6791999999998
N009,SoSu,2025-11-22,55,Day,8.0,47.0,1766.8224
N014,RN,2025-11-22,55,Day,8.0,47.0,2006.6088
N016,RN,2025-11-22,55,Day,8.0,47.0,1945.104
N017,RN,2025-11-22,55,Day,8.0,47.0,1966.86
N022,RN,2025-11-22,55,Day,8.0,47.0,1916.0568
N027,SoSu,2025-11-22,55,Day,8.0,47.0,1867.488
N001,SoSu,2025-11-22,55,Evening,8.0,47.0,1710.6096
N007,RN,2025-11-22,55,Evening,8.0,47.0,1937.8128
N011,RN,2025-11-22,55,Evening,8.0,47.0,2028.3647999999998
N015,RN,2025-11-22,55,Evening,8.0,47.0,1948.7496
N024,SoSu,2025-11-22,55,Evening,8.0,47.0,1667.0975999999998
N003,RN,2025-11-22,55,Night,8.0,47.0,2017.5456
N012,RN,2025-11-22,55,Night,8.0,47.0,2053.7664
N029,RN,2025-11-22,55,Night,8.0,47.0,1901.5919999999999
N004,SoSu,2025-11-23,56,Day,8.0,47.0,1613.3544
N005,SoSu,2025-11-23,56,Day,8.0,47.0,1633.2287999999999
N006,RN,2025-11-23,56,Day,8.0,47.0,1977.6791999999998
N009,SoSu,2025-11-23,56,Day,8.0,47.0,1766.8224
N016,RN,2025-11-23,56,Day,8.0,47.0,1945.104
N017,RN,2025-11-23,56,Day,8.0,47.0,1966.86
N020,RN,2025-11-23,56,Day,8.0,47.0,2017.5456
N022,RN,2025-11-23,56,Day,8.0,47.0,1916.0568
N001,SoSu,2025-11-23,56,Evening,8.0,47.0,1710.6096
N007,RN,2025-11-23,56,Evening,8.0,47.0,1937.8128
N011,RN,2025-11-23,56,Evening,8.0,47.0,2028.3647999999998
N014,RN,2025-11-23,56,Evening,8.0,47.0,2006.6088
N024,SoSu,2025-11-23,56,Evening,8.0,47.0,1667.0975999999998
N003,RN,2025-11-23,56,Night,8.0,47.0,2017.5456
N027,SoSu,2025-11-23,56,Night,8.0,47.0,1867.488
N029,RN,2025-11-23,56,Night,8.0,47.0,1901.5919999999999
N008,RN,2025-11-24,57,Day,8.0,0.0,1533.76
N009,SoSu,2025-11-24,57,Day,8.0,0.0,1201.92
N010,RN,2025-11-24,57,Day,8.0,0.0,1600.4
N018,RN,2025-11-24,57,Day,8.0,0.0,1397.12
N021,RN,2025-11-24,57,Day,8.0,0.0,1477.68
N026,RN,2025-11-24,57,Day,8.0,0.0,1632.0
N028,RN,2025-11-24,57,Day,8.0,0.0,1458.72
N030,RN,2025-11-24,57,Day,8.0,0.0,1461.2
N001,SoSu,2025-11-24,57,Evening,8.0,20.0,1396.416
N005,SoSu,2025-11-24,57,Evening,8.0,20.0,1333.2479999999998
N016,RN,2025-11-24,57,Evening,8.0,20.0,1587.84
N017,RN,2025-11-24,57,Evening,8.0,20.0,1605.6
N020,RN,2025-11-24,57,Evening,8.0,20.0,1646.9759999999999
N013,RN,2025-11-24,57,Night,8.0,32.8125,2069.6437499999997
N022,RN,2025-11-24,57,Night,8.0,32.8125,1731.1312500000001
N024,SoSu,2025-11-24,57,Night,8.0,32.8125,1506.1999999999998
N008,RN,2025-11-25,58,Day,8.0,0.0,1533.76
N010,RN,2025-11-25,58,Day,8.0,0.0,1600.4
N011,RN,2025-11-25,58,Day,8.0,0.0,1379.84
N012,RN,2025-11-25,58,Day,8.0,0.0,1397.12
N018,RN,2025-11-25,58,Day,8.0,0.0,1397.12
N021,RN,2025-11-25,58,Day,8.0,0.0,1477.68
N027,SoSu,2025-11-25,58,Day,8.0,0.0,1270.4
N030,RN,2025-11-25,58,Day,8.0,0.0,1461.2
N001,SoSu,2025-11-25,58,Evening,8.0,20.0,1396.416
N007,RN,2025-11-25,58,Evening,8.0,20.0,1581.888
N009,SoSu,2025-11-25,58,Evening,8.0,20.0,1442.304
N014,RN,2025-11-25,58,Evening,8.0,20.0,1638.048
N020,RN,2025-11-25,58,Evening,8.0,20.0,1646.9759999999999
N005,SoSu,2025-11-25,58,Night,8.0,32.8125,1475.6
N016,RN,2025-11-25,58,Night,8.0,32.8125,1757.375
N019,RN,2025-11-25,58,Night,8.0,32.8125,2041.7
N011,RN,2025-11-26,59,Day,8.0,0.0,1379.84
N012,RN,2025-11-26,59,Day,8.0,0.0,1397.12
N021,RN,2025-11-26,59,Day,8.0,0.0,1477.68
N023,RN,2025-11-26,59,Day,8.0,0.0,1451.28
N025,RN,2025-11-26,59,Day,8.0,0.0,1463.6
N026,RN,2025-11-26,59,Day,8.0,0.0,1632.0
N027,SoSu,2025-11-26,59,Day,8.0,0.0,1270.4
N030,RN,2025-11-26,59,Day,8.0,0.0,1461.2
N001,SoSu,2025-11-26,59,Evening,8.0,20.0,1396.416
N017,RN,2025-11-26,59,Evening,8.0,20.0,1605.6
N020,RN,2025-11-26,59,Evening,8.0,20.0,1646.9759999999999
N022,RN,2025-11-26,59,Evening,8.0,20.0,1564.128
N024,SoSu,2025-11-26,59,Evening,8.0,20.0,1360.896
N005,SoSu,2025-11-26,59,Night,8.0,32.8125,1475.6
N016,RN,2025-11-26,59,Night,8.0,32.8125,1757.375
N019,RN,2025-11-26,59,Night,8.0,32.8125,2041.7
N002,RN,2025-11-27,60,Day,8.0,0.0,1436.56
N009,SoSu,2025-11-27,60,Day,8.0,0.0,1201.92
N010,RN,2025-11-27,60,Day,8.0,0.0,1600.4
N011,RN,2025-11-27,60,Day,8.0,0.0,1379.84
N012,RN,2025-11-27,60,Day,8.0,0.0,1397.12
N018,RN,2025-11-27,60,Day,8.0,0.0,1397.12
N025,RN,2025-11-27,60,Day,8.0,0.0,1463.6
N027,SoSu,2025-11-27,60,Day,8.0,0.0,1270.4
N001,SoSu,2025-11-27,60,Evening,8.0,20.0,1396.416
N003,RN,2025-11-27,60,Evening,8.0,20.0,1646.9759999999999
N004,SoSu,2025-11-27,60,Evening,8.0,20.0,1317.024
N017,RN,2025-11-27,60,Evening,8.0,20.0,1605.6
N022,RN,2025-11-27,60,Evening,8.0,20.0,1564.128
N005,SoSu,2025-11-27,60,Night,8.0,32.8125,1475.6
N023,RN,2025-11-27,60,Night,8.0,32.8125,1927.48125
N030,RN,2025-11-27,60,Night,8.0,32.8125,1940.65625
N002,RN,2025-11-28,61,Day,8.0,0.0,1436.56
N008,RN,2025-11-28,61,Day,8.0,0.0,1533.76
N010,RN,2025-11-28,61,Day,8.0,0.0,1600.4
N011,RN,2025-11-28,61,Day,8.0,0.0,1379.84
N013,RN,2025-11-28,61,Day,8.0,0.0,1558.32
N019,RN,2025-11-28,61,Day,8.0,0.0,1537.28
N021,RN,2025-11-28,61,Day,8.0,0.0,1477.68
N026,RN,2025-11-28,61,Day,8.0,0.0,1632.0
N004,SoSu,2025-11-28,61,Evening,8.0,20.0,1317.024
N009,SoSu,2025-11-28,61,Evening,8.0,20.0,1442.304
N014,RN,2025-11-28,61,Evening,8.0,20.0,1638.048
N020,RN,2025-11-28,61,Evening,8.0,20.0,1646.9759999999999
N022,RN,2025-11-28,61,Evening,8.0,20.0,1564.128
N023,RN,2025-11-28,61,Night,8.0,32.8125,1927.48125
N027,SoSu,2025-11-28,61,Night,8.0,32.8125,1687.2500000000002
N030,RN,2025-11-28,61,Night,8.0,32.8125,1940.65625
N001,SoSu,2025-11-29,62,Day,8.0,47.0,1710.6096
N003,RN,2025-11-29,62,Day,8.0,47.0,2017.5456
N005,SoSu,2025-11-29,62,Day,8.0,47.0,1633.2287999999999
N006,RN,2025-11-29,62,Day,8.0,47.0,1977.6791999999998
N007,RN,2025-11-29,62,Day,8.0,47.0,1937.8128
N016,RN,2025-11-29,62,Day,8.0,47.0,1945.104
N017,RN,2025-11-29,62,Day,8.0,47.0,1966.86
N024,SoSu,2025-11-29,62,Day,8.0,47.0,1667.0975999999998
N004,SoSu,2025-11-29,62,Evening,8.0,47.0,1613.3544
N009,SoSu,2025-11-29,62,Evening,8.0,47.0,1766.8224
N014,RN,2025-11-29,62,Evening,8.0,47.0,2006.6088
N020,RN,2025-11-29,62,Evening,8.0,47.0,2017.5456
N029,RN,2025-11-29,62,Evening,8.0,47.0,1901.5919999999999
N011,RN,2025-11-29,62,Night,8.0,47.0,2028.3647999999998
N018,RN,2025-11-29,62,Night,8.0,47.0,2053.7664
N027,SoSu,2025-11-29,62,Night,8.0,47.0,1867.488
N001,SoSu,2025-11-30,63,Day,8.0,47.0,1710.6096
N005,SoSu,2025-11-30,63,Day,8.0,47.0,1633.2287999999999
N007,RN,2025-11-30,63,Day,8.0,47.0,1937.8128
N015,RN,2025-11-30,63,Day,8.0,47.0,1948.7496
N016,RN,2025-11-30,63,Day,8.0,47.0,1945.104
N017,RN,2025-11-30,63,Day,8.0,47.0,1966.86
N022,RN,2025-11-30,63,Day,8.0,47.0,1916.0568
N024,SoSu,2025-11-30,63,Day,8.0,47.0,1667.0975999999998
N004,SoSu,2025-11-30,63,Evening,8.0,47.0,1613.3544
N009,SoSu,2025-11-30,63,Evening,8.0,47.0,1766.8224
N014,RN,2025-11-30,63,Evening,8.0,47.0,2006.6088
N020,RN,2025-11-30,63,Evening,8.0,47.0,2017.5456
N029,RN,2025-11-30,63,Evening,8.0,47.0,1901.5919999999999
N003,RN,2025-11-30,63,Night,8.0,47.0,2017.5456
N011,RN,2025-11-30,63,Night,8.0,47.0,2028.3647999999998
N027,SoSu,2025-11-30,63,Night,8.0,47.0,1867.488
N002,RN,2025-12-01,64,Day,8.0,0.0,1436.56
N012,RN,2025-12-01,64,Day,8.0,0.0,1397.12
N013,RN,2025-12-01,64,Day,8.0,0.0,1558.32
N018,RN,2025-12-01,64,Day,8.0,0.0,1397.12
N019,RN,2025-12-01,64,Day,8.0,0.0,1537.28
N026,RN,2025-12-01,64,Day,8.0,0.0,1632.0
N028,RN,2025-12-01,64,Day,8.0,0.0,1458.72
N030,RN,2025-12-01,64,Day,8.0,0.0,1461.2
N009,SoSu,2025-12-01,64,Evening,8.0,20.0,1442.304
N017,RN,2025-12-01,64,Evening,8.0,20.0,1605.6
N020,RN,2025-12-01,64,Evening,8.0,20.0,1646.9759999999999
N022,RN,2025-12-01,64,Evening,8.0,20.0,1564.128
N024,SoSu,2025-12-01,64,Evening,8.0,20.0,1360.896
N005,SoSu,2025-12-01,64,Night,8.0,32.8125,1475.6
N016,RN,2025-12-01,64,Night,8.0,32.8125,1757.375
N021,RN,2025-12-01,64,Night,8.0,32.8125,1962.54375
N008,RN,2025-12-02,65,Day,8.0,0.0,1533.76
N011,RN,2025-12-02,65,Day,8.0,0.0,1379.84
N019,RN,2025-12-02,65,Day,8.0,0.0,1537.28
N023,RN,2025-12-02,65,Day,8.0,0.0,1451.28
N026,RN,2025-12-02,65,Day,8.0,0.0,1632.0
N027,SoSu,2025-12-02,65,Day,8.0,0.0,1270.4
N028,RN,2025-12-02,65,Day,8.0,0.0,1458.72
N030,RN,2025-12-02,65,Day,8.0,0.0,1461.2
N004,SoSu,2025-12-02,65,Evening,8.0,20.0,1317.024
N009,SoSu,2025-12-02,65,Evening,8.0,20.0,1442.304
N017,RN,2025-12-02,65,Evening,8.0,20.0,1605.6
N020,RN,2025-12-02,65,Evening,8.0,20.0,1646.9759999999999
N022,RN,2025-12-02,65,Evening,8.0,20.0,1564.128
N005,SoSu,2025-12-02,65,Night,8.0,32.8125,1475.6
N013,RN,2025-12-02,65,Night,8.0,32.8125,2069.6437499999997
N016,RN,2025-12-02,65,Night,8.0,32.8125,1757.375
N002,RN,2025-12-03,66,Day,8.0,0.0,1436.56
N008,RN,2025-12-03,66,Day,8.0,0.0,1533.76
N011,RN,2025-12-03,66,Day,8.0,0.0,1379.84
N012,RN,2025-12-03,66,Day,8.0,0.0,1397.12
N019,RN,2025-12-03,66,Day,8.0,0.0,1537.28
N026,RN,2025-12-03,66,Day,8.0,0.0,1632.0
N027,SoSu,2025-12-03,66,Day,8.0,0.0,1270.4
N030,RN,2025-12-03,66,Day,8.0,0.0,1461.2
N003,RN,2025-12-03,66,Evening,8.0,20.0,1646.9759999999999
N004,SoSu,2025-12-03,66,Evening,8.0,20.0,1317.024
N007,RN,2025-12-03,66,Evening,8.0,20.0,1581.888
N009,SoSu,2025-12-03,66,Evening,8.0,20.0,1442.304
N017,RN,2025-12-03,66,Evening,8.0,20.0,1605.6
N016,RN,2025-12-03,66,Night,8.0,32.8125,1757.375
N022,RN,2025-12-03,66,Night,8.0,32.8125,1731.1312500000001
N024,SoSu,2025-12-03,66,Night,8.0,32.8125,1506.1999999999998
N008,RN,2025-12-04,67,Day,8.0,0.0,1533.76
N010,RN,2025-12-04,67,Day,8.0,0.0,1600.4
N011,RN,2025-12-04,67,Day,8.0,0.0,1379.84
N012,RN,2025-12-04,67,Day,8.0,0.0,1397.12
N013,RN,2025-12-04,67,Day,8.0,0.0,1558.32
N019,RN,2025-12-04,67,Day,8.0,0.0,1537.28
N021,RN,2025-12-04,67,Day,8.0,0.0,1477.68
N027,SoSu,2025-12-04,67,Day,8.0,0.0,1270.4
N001,SoSu,2025-12-04,67,Evening,8.0,20.0,1396.416
N005,SoSu,2025-12-04,67,Evening,8.0,20.0,1333.2479999999998
N014,RN,2025-12-04,67,Evening,8.0,20.0,1638.048
N017,RN,2025-12-04,67,Evening,8.0,20.0,1605.6
N020,RN,2025-12-04,67,Evening,8.0,20.0,1646.9759999999999
N009,SoSu,2025-12-04,67,Night,8.0,32.8125,1596.3000000000002
N016,RN,2025-12-04,67,Night,8.0,32.8125,1757.375
N023,RN,2025-12-04,67,Night,8.0,32.8125,1927.48125
N008,RN,2025-12-05,68,Day,8.0,0.0,1533.76
N011,RN,2025-12-05,68,Day,8.0,0.0,1379.84
N012,RN,2025-12-05,68,Day,8.0,0.0,1397.12
N013,RN,2025-12-05,68,Day,8.0,0.0,1558.32
N019,RN,2025-12-05,68,Day,8.0,0.0,1537.28
N026,RN,2025-12-05,68,Day,8.0,0.0,1632.0
N028,RN,2025-12-05,68,Day,8.0,0.0,1458.72
N030,RN,2025-12-05,68,Day,8.0,0.0,1461.2
N001,SoSu,2025-12-05,68,Evening,8.0,20.0,1396.416
N003,RN,2025-12-05,68,Evening,8.0,20.0,1646.9759999999999
N020,RN,2025-12-05,68,Evening,8.0,20.0,1646.9759999999999
N022,RN,2025-12-05,68,Evening,8.0,20.0,1564.128
N024,SoSu,2025-12-05,68,Evening,8.0,20.0,1360.896
N004,SoSu,2025-12-05,68,Night,8.0,32.8125,1457.64375
N010,RN,2025-12-05,68,Night,8.0,32.8125,2125.53125
N021,RN,2025-12-05,68,Night,8.0,32.8125,1962.54375
N005,SoSu,2025-12-06,69,Day,8.0,47.0,1633.2287999999999
N007,RN,2025-12-06,69,Day,8.0,47.0,1937.8128
N009,SoSu,2025-12-06,69,Day,8.0,47.0,1766.8224
N015,RN,2025-12-06,69,Day,8.0,47.0,1948.7496
N016,RN,2025-12-06,69,Day,8.0,47.0,1945.104
N017,RN,2025-12-06,69,Day,8.0,47.0,1966.86
N027,SoSu,2025-12-06,69,Day,8.0,47.0,1867.488
N029,RN,2025-12-06,69,Day,8.0,47.0,1901.5919999999999
N001,SoSu,2025-12-06,69,Evening,8.0,47.0,1710.6096
N003,RN,2025-12-06,69,Evening,8.0,47.0,2017.5456
N014,RN,2025-12-06,69,Evening,8.0,47.0,2006.6088
N022,RN,2025-12-06,69,Evening,8.0,47.0,1916.0568
N024,SoSu,2025-12-06,69,Evening,8.0,47.0,1667.0975999999998
N011,RN,2025-12-06,69,Night,8.0,47.0,2028.3647999999998
N012,RN,2025-12-06,69,Night,8.0,47.0,2053.7664
N020,RN,2025-12-06,69,Night,8.0,47.0,2017.5456
N004,SoSu,2025-12-07,70,Day,8.0,47.0,1613.3544
N006,RN,2025-12-07,70,Day,8.0,47.0,1977.6791999999998
N007,RN,2025-12-07,70,Day,8.0,47.0,1937.8128
N009,SoSu,2025-12-07,70,Day,8.0,47.0,1766.8224
N016,RN,2025-12-07,70,Day,8.0,47.0,1945.104
N017,RN,2025-12-07,70,Day,8.0,47.0,1966.86
N027,SoSu,2025-12-07,70,Day,8.0,47.0,1867.488
N029,RN,2025-12-07,70,Day,8.0,47.0,1901.5919999999999
N001,SoSu,2025-12-07,70,Evening,8.0,47.0,1710.6096
N005,SoSu,2025-12-07,70,Evening,8.0,47.0,1633.2287999999999
N014,RN,2025-12-07,70,Evening,8.0,47.0,2006.6088
N015,RN,2025-12-07,70,Evening,8.0,47.0,1948.7496
N022,RN,2025-12-07,70,Evening,8.0,47.0,1916.0568
N003,RN,2025-12-07,70,Night,8.0,47.0,2017.5456
N011,RN,2025-12-07,70,Night,8.0,47.0,2028.3647999999998
N020,RN,2025-12-07,70,Night,8.0,47.0,2017.5456
N012,RN,2025-12-08,71,Day,8.0,0.0,1397.12
N013,RN,2025-12-08,71,Day,8.0,0.0,1558.32
N018,RN,2025-12-08,71,Day,8.0,0.0,1397.12
N019,RN,2025-12-08,71,Day,8.0,0.0,1537.28
N021,RN,2025-12-08,71,Day,8.0,0.0,1477.68
N023,RN,2025-12-08,71,Day,8.0,0.0,1451.28
N026,RN,2025-12-08,71,Day,8.0,0.0,1632.0
N030,RN,2025-12-08,71,Day,8.0,0.0,1461.2
N007,RN,2025-12-08,71,Evening,8.0,20.0,1581.888
N009,SoSu,2025-12-08,71,Evening,8.0,20.0,1442.304
N016,RN,2025-12-08,71,Evening,8.0,20.0,1587.84
N022,RN,2025-12-08,71,Evening,8.0,20.0,1564.128
N024,SoSu,2025-12-08,71,Evening,8.0,20.0,1360.896
N001,SoSu,2025-12-08,71,Night,8.0,32.8125,1545.5125
N017,RN,2025-12-08,71,Night,8.0,32.8125,1777.03125
N028,RN,2025-12-08,71,Night,8.0,32.8125,1937.3625
N002,RN,2025-12-09,72,Day,8.0,0.0,1436.56
N008,RN,2025-12-09,72,Day,8.0,0.0,1533.76
N012,RN,2025-12-09,72,Day,8.0,0.0,1397.12
N018,RN,2025-12-09,72,Day,8.0,0.0,1397.12
N023,RN,2025-12-09,72,Day,8.0,0.0,1451.28
N026,RN,2025-12-09,72,Day,8.0,0.0,1632.0
N027,SoSu,2025-12-09,72,Day,8.0,0.0,1270.4
N030,RN,2025-12-09,72,Day,8.0,0.0,1461.2
N005,SoSu,2025-12-09,72,Evening,8.0,20.0,1333.2479999999998
N016,RN,2025-12-09,72,Evening,8.0,20.0,1587.84
N020,RN,2025-12-09,72,Evening,8.0,20.0,1646.9759999999999
N022,RN,2025-12-09,72,Evening,8.0,20.0,1564.128
N024,SoSu,2025-12-09,72,Evening,8.0,20.0,1360.896
N001,SoSu,2025-12-09,72,Night,8.0,32.8125,1545.5125
N021,RN,2025-12-09,72,Night,8.0,32.8125,1962.54375
N028,RN,2025-12-09,72,Night,8.0,32.8125,1937.3625
N009,SoSu,2025-12-10,73,Day,8.0,0.0,1201.92
N011,RN,2025-12-10,73,Day,8.0,0.0,1379.84
N012,RN,2025-12-10,73,Day,8.0,0.0,1397.12
N013,RN,2025-12-10,73,Day,8.0,0.0,1558.32
N019,RN,2025-12-10,73,Day,8.0,0.0,1537.28
N023,RN,2025-12-10,73,Day,8.0,0.0,1451.28
N027,SoSu,2025-12-10,73,Day,8.0,0.0,1270.4
N030,RN,2025-12-10,73,Day,8.0,0.0,1461.2
N003,RN,2025-12-10,73,Evening,8.0,20.0,1646.9759999999999
N004,SoSu,2025-12-10,73,Evening,8.0,20.0,1317.024
N005,SoSu,2025-12-10,73,Evening,8.0,20.0,1333.2479999999998
N017,RN,2025-12-10,73,Evening,8.0,20.0,1605.6
N022,RN,2025-12-10,73,Evening,8.0,20.0,1564.128
N010,RN,2025-12-10,73,Night,8.0,32.8125,2125.53125
N021,RN,2025-12-10,73,Night,8.0,32.8125,1962.54375
N024,SoSu,2025-12-10,73,Night,8.0,32.8125,1506.1999999999998
N002,RN,2025-12-11,74,Day,8.0,0.0,1436.56
N011,RN,2025-12-11,74,Day,8.0,0.0,1379.84
N013,RN,2025-12-11,74,Day,8.0,0.0,1558.32
N018,RN,2025-12-11,74,Day,8.0,0.0,1397.12
N019,RN,2025-12-11,74,Day,8.0,0.0,1537.28
N025,RN,2025-12-11,74,Day,8.0,0.0,1463.6
N027,SoSu,2025-12-11,74,Day,8.0,0.0,1270.4
N028,RN,2025-12-11,74,Day,8.0,0.0,1458.72
N003,RN,2025-12-11,74,Evening,8.0,20.0,1646.9759999999999
N004,SoSu,2025-12-11,74,Evening,8.0,20.0,1317.024
N005,SoSu,2025-12-11,74,Evening,8.0,20.0,1333.2479999999998
N020,RN,2025-12-11,74,Evening,8.0,20.0,1646.9759999999999
N022,RN,2025-12-11,74,Evening,8.0,20.0,1564.128
N001,SoSu,2025-12-11,74,Night,8.0,32.8125,1545.5125
N010,RN,2025-12-11,74,Night,8.0,32.8125,2125.53125
N029,RN,2025-12-11,74,Night,8.0,32.8125,1718.0624999999998
N011,RN,2025-12-12,75,Day,8.0,0.0,1379.84
N012,RN,2025-12-12,75,Day,8.0,0.0,1397.12
N013,RN,2025-12-12,75,Day,8.0,0.0,1558.32
N018,RN,2025-12-12,75,Day,8.0,0.0,1397.12
N019,RN,2025-12-12,75,Day,8.0,0.0,1537.28
N021,RN,2025-12-12,75,Day,8.0,0.0,1477.68
N023,RN,2025-12-12,75,Day,8.0,0.0,1451.28
N025,RN,2025-12-12,75,Day,8.0,0.0,1463.6
N003,RN,2025-12-12,75,Evening,8.0,20.0,1646.9759999999999
N005,SoSu,2025-12-12,75,Evening,8.0,20.0,1333.2479999999998
N017,RN,2025-12-12,75,Evening,8.0,20.0,1605.6
N020,RN,2025-12-12,75,Evening,8.0,20.0,1646.9759999999999
N024,SoSu,2025-12-12,75,Evening,8.0,20.0,1360.896
N027,SoSu,2025-12-12,75,Night,8.0,32.8125,1687.2500000000002
N028,RN,2025-12-12,75,Night,8.0,32.8125,1937.3625
N030,RN,2025-12-12,75,Night,8.0,32.8125,1940.65625
N001,SoSu,2025-12-13,76,Day,8.0,47.0,1710.6096
N004,SoSu,2025-12-13,76,Day,8.0,47.0,1613.3544
N007,RN,2025-12-13,76,Day,8.0,47.0,1937.8128
N009,SoSu,2025-12-13,76,Day,8.0,47.0,1766.8224
N011,RN,2025-12-13,76,Day,8.0,47.0,2028.3647999999998
N014,RN,2025-12-13,76,Day,8.0,47.0,2006.6088
N016,RN,2025-12-13,76,Day,8.0,47.0,1945.104
N022,RN,2025-12-13,76,Day,8.0,47.0,1916.0568
N003,RN,2025-12-13,76,Evening,8.0,47.0,2017.5456
N005,SoSu,2025-12-13,76,Evening,8.0,47.0,1633.2287999999999
N017,RN,2025-12-13,76,Evening,8.0,47.0,1966.86
N024,SoSu,2025-12-13,76,Evening,8.0,47.0,1667.0975999999998
N029,RN,2025-12-13,76,Evening,8.0,47.0,1901.5919999999999
N018,RN,2025-12-13,76,Night,8.0,47.0,2053.7664
N020,RN,2025-12-13,76,Night,8.0,47.0,2017.5456
N027,SoSu,2025-12-13,76,Night,8.0,47.0,1867.488
N004,SoSu,2025-12-14,77,Day,8.0,47.0,1613.3544
N007,RN,2025-12-14,77,Day,8.0,47.0,1937.8128
N009,SoSu,2025-12-14,77,Day,8.0,47.0,1766.8224
N011,RN,2025-12-14,77,Day,8.0,47.0,2028.3647999999998
N014,RN,2025-12-14,77,Day,8.0,47.0,2006.6088
N015,RN,2025-12-14,77,Day,8.0,47.0,1948.7496
N016,RN,2025-12-14,77,Day,8.0,47.0,1945.104
N022,RN,2025-12-14,77,Day,8.0,47.0,1916.0568
N001,SoSu,2025-12-14,77,Evening,8.0,47.0,1710.6096
N003,RN,2025-12-14,77,Evening,8.0,47.0,2017.5456
N006,RN,2025-12-14,77,Evening,8.0,47.0,1977.6791999999998
N024,SoSu,2025-12-14,77,Evening,8.0,47.0,1667.0975999999998
N029,RN,2025-12-14,77,Evening,8.0,47.0,1901.5919999999999
N012,RN,2025-12-14,77,Night,8.0,47.0,2053.7664
N018,RN,2025-12-14,77,Night,8.0,47.0,2053.7664
N027,SoSu,2025-12-14,77,Night,8.0,47.0,1867.488
N009,SoSu,2025-12-15,78,Day,8.0,0.0,1201.92
N011,RN,2025-12-15,78,Day,8.0,0.0,1379.84
N013,RN,2025-12-15,78,Day,8.0,0.0,1558.32
N019,RN,2025-12-15,78,Day,8.0,0.0,1537.28
N021,RN,2025-12-15,78,Day,8.0,0.0,1477.68
N023,RN,2025-12-15,78,Day,8.0,0.0,1451.28
N025,RN,2025-12-15,78,Day,8.0,0.0,1463.6
N030,RN,2025-12-15,78,Day,8.0,0.0,1461.2
N003,RN,2025-12-15,78,Evening,8.0,20.0,1646.9759999999999
N005,SoSu,2025-12-15,78,Evening,8.0,20.0,1333.2479999999998
N016,RN,2025-12-15,78,Evening,8.0,20.0,1587.84
N020,RN,2025-12-15,78,Evening,8.0,20.0,1646.9759999999999
N024,SoSu,2025-12-15,78,Evening,8.0,20.0,1360.896
N004,SoSu,2025-12-15,78,Night,8.0,32.8125,1457.64375
N017,RN,2025-12-15,78,Night,8.0,32.8125,1777.03125
N028,RN,2025-12-15,78,Night,8.0,32.8125,1937.3625
N011,RN,2025-12-16,79,Day,8.0,0.0,1379.84
N012,RN,2025-12-16,79,Day,8.0,0.0,1397.12
N013,RN,2025-12-16,79,Day,8.0,0.0,1558.32
N018,RN,2025-12-16,79,Day,8.0,0.0,1397.12
N019,RN,2025-12-16,79,Day,8.0,0.0,1537.28
N023,RN,2025-12-16,79,Day,8.0,0.0,1451.28
N027,SoSu,2025-12-16,79,Day,8.0,0.0,1270.4
N030,RN,2025-12-16,79,Day,8.0,0.0,1461.2
N001,SoSu,2025-12-16,79,Evening,8.0,20.0,1396.416
N009,SoSu,2025-12-16,79,Evening,8.0,20.0,1442.304
N014,RN,2025-12-16,79,Evening,8.0,20.0,1638.048
N016,RN,2025-12-16,79,Evening,8.0,20.0,1587.84
N020,RN,2025-12-16,79,Evening,8.0,20.0,1646.9759999999999
N017,RN,2025-12-16,79,Night,8.0,32.8125,1777.03125
N024,SoSu,2025-12-16,79,Night,8.0,32.8125,1506.1999999999998
N028,RN,2025-12-16,79,Night,8.0,32.8125,1937.3625
N002,RN,2025-12-17,80,Day,8.0,0.0,1436.56
N008,RN,2025-12-17,80,Day,8.0,0.0,1533.76
N011,RN,2025-12-17,80,Day,8.0,0.0,1379.84
N018,RN,2025-12-17,80,Day,8.0,0.0,1397.12
N021,RN,2025-12-17,80,Day,8.0,0.0,1477.68
N023,RN,2025-12-17,80,Day,8.0,0.0,1451.28
N027,SoSu,2025-12-17,80,Day,8.0,0.0,1270.4
N030,RN,2025-12-17,80,Day,8.0,0.0,1461.2
N004,SoSu,2025-12-17,80,Evening,8.0,20.0,1317.024
N005,SoSu,2025-12-17,80,Evening,8.0,20.0,1333.2479999999998
N016,RN,2025-12-17,80,Evening,8.0,20.0,1587.84
N020,RN,2025-12-17,80,Evening,8.0,20.0,1646.9759999999999
N022,RN,2025-12-17,80,Evening,8.0,20.0,1564.128
N001,SoSu,2025-12-17,80,Night,8.0,32.8125,1545.5125
N013,RN,2025-12-17,80,Night,8.0,32.8125,2069.6437499999997
N029,RN,2025-12-17,80,Night,8.0,32.8125,1718.0624999999998
N008,RN,2025-12-18,81,Day,8.0,0.0,1533.76
N010,RN,2025-12-18,81,Day,8.0,0.0,1600.4
N011,RN,2025-12-18,81,Day,8.0,0.0,1379.84
N012,RN,2025-12-18,81,Day,8.0,0.0,1397.12
N025,RN,2025-12-18,81,Day,8.0,0.0,1463.6
N026,RN,2025-12-18,81,Day,8.0,0.0,1632.0
N027,SoSu,2025-12-18,81,Day,8.0,0.0,1270.4
N028,RN,2025-12-18,81,Day,8.0,0.0,1458.72
N003,RN,2025-12-18,81,Evening,8.0,20.0,1646.9759999999999
N005,SoSu,2025-12-18,81,Evening,8.0,20.0,1333.2479999999998
N020,RN,2025-12-18,81,Evening,8.0,20.0,1646.9759999999999
N022,RN,2025-12-18,81,Evening,8.0,20.0,1564.128
N024,SoSu,2025-12-18,81,Evening,8.0,20.0,1360.896
N001,SoSu,2025-12-18,81,Night,8.0,32.8125,1545.5125
N013,RN,2025-12-18,81,Night,8.0,32.8125,2069.6437499999997
N016,RN,2025-12-18,81,Night,8.0,32.8125,1757.375
N009,SoSu,2025-12-19,82,Day,8.0,0.0,1201.92
N012,RN,2025-12-19,82,Day,8.0,0.0,1397.12
N018,RN,2025-12-19,82,Day,8.0,0.0,1397.12
N019,RN,2025-12-19,82,Day,8.0,0.0,1537.28
N021,RN,2025-12-19,82,Day,8.0,0.0,1477.68
N023,RN,2025-12-19,82,Day,8.0,0.0,1451.28
N027,SoSu,2025-12-19,82,Day,8.0,0.0,1270.4
N028,RN,2025-12-19,82,Day,8.0,0.0,1458.72
N003,RN,2025-12-19,82,Evening,8.0,20.0,1646.9759999999999
N005,SoSu,2025-12-19,82,Evening,8.0,20.0,1333.2479999999998
N017,RN,2025-12-19,82,Evening,8.0,20.0,1605.6
N022,RN,2025-12-19,82,Evening,8.0,20.0,1564.128
N024,SoSu,2025-12-19,82,Evening,8.0,20.0,1360.896
N001,SoSu,2025-12-19,82,Night,8.0,32.8125,1545.5125
N010,RN,2025-12-19,82,Night,8.0,32.8125,2125.53125
N030,RN,2025-12-19,82,Night,8.0,32.8125,1940.65625
N004,SoSu,2025-12-20,83,Day,8.0,47.0,1613.3544
N007,RN,2025-12-20,83,Day,8.0,47.0,1937.8128
N009,SoSu,2025-12-20,83,Day,8.0,47.0,1766.8224
N014,RN,2025-12-20,83,Day,8.0,47.0,2006.6088
N016,RN,2025-12-20,83,Day,8.0,47.0,1945.104
N020,RN,2025-12-20,83,Day,8.0,47.0,2017.5456
N027,SoSu,2025-12-20,83,Day,8.0,47.0,1867.488
N029,RN,2025-12-20,83,Day,8.0,47.0,1901.5919999999999
N005,SoSu,2025-12-20,83,Evening,8.0,47.0,1633.2287999999999
N015,RN,2025-12-20,83,Evening,8.0,47.0,1948.7496
N017,RN,2025-12-20,83,Evening,8.0,47.0,1966.86
N022,RN,2025-12-20,83,Evening,8.0,47.0,1916.0568
N024,SoSu,2025-12-20,83,Evening,8.0,47.0,1667.0975999999998
N001,SoSu,2025-12-20,83,Night,8.0,47.0,1710.6096
N003,RN,2025-12-20,83,Night,8.0,47.0,2017.5456
N011,RN,2025-12-20,83,Night,8.0,47.0,2028.3647999999998
N004,SoSu,2025-12-21,84,Day,8.0,47.0,1613.3544
N006,RN,2025-12-21,84,Day,8.0,47.0,1977.6791999999998
N009,SoSu,2025-12-21,84,Day,8.0,47.0,1766.8224
N014,RN,2025-12-21,84,Day,8.0,47.0,2006.6088
N016,RN,2025-12-21,84,Day,8.0,47.0,1945.104
N020,RN,2025-12-21,84,Day,8.0,47.0,2017.5456
N027,SoSu,2025-12-21,84,Day,8.0,47.0,1867.488
N029,RN,2025-12-21,84,Day,8.0,47.0,1901.5919999999999
N005,SoSu,2025-12-21,84,Evening,8.0,47.0,1633.2287999999999
N007,RN,2025-12-21,84,Evening,8.0,47.0,1937.8128
N015,RN,2025-12-21,84,Evening,8.0,47.0,1948.7496
N022,RN,2025-12-21,84,Evening,8.0,47.0,1916.0568
N024,SoSu,2025-12-21,84,Evening,8.0,47.0,1667.0975999999998
N003,RN,2025-12-21,84,Night,8.0,47.0,2017.5456
N011,RN,2025-12-21,84,Night,8.0,47.0,2028.3647999999998
N012,RN,2025-12-21,84,Night,8.0,47.0,2053.7664
N008,RN,2025-12-22,85,Day,8.0,0.0,1533.76
N009,SoSu,2025-12-22,85,Day,8.0,0.0,1201.92
N010,RN,2025-12-22,85,Day,8.0,0.0,1600.4
N018,RN,2025-12-22,85,Day,8.0,0.0,1397.12
N019,RN,2025-12-22,85,Day,8.0,0.0,1537.28
N025,RN,2025-12-22,85,Day,8.0,0.0,1463.6
N026,RN,2025-12-22,85,Day,8.0,0.0,1632.0
N027,SoSu,2025-12-22,85,Day,8.0,0.0,1270.4
N001,SoSu,2025-12-22,85,Evening,8.0,20.0,1396.416
N005,SoSu,2025-12-22,85,Evening,8.0,20.0,1333.2479999999998
N016,RN,2025-12-22,85,Evening,8.0,20.0,1587.84
N017,RN,2025-12-22,85,Evening,8.0,20.0,1605.6
N022,RN,2025-12-22,85,Evening,8.0,20.0,1564.128
N021,RN,2025-12-22,85,Night,8.0,32.8125,1962.54375
N024,SoSu,2025-12-22,85,Night,8.0,32.8125,1506.1999999999998
N030,RN,2025-12-22,85,Night,8.0,32.8125,1940.65625
N010,RN,2025-12-23,86,Day,8.0,0.0,1600.4
N011,RN,2025-12-23,86,Day,8.0,0.0,1379.84
N018,RN,2025-12-23,86,Day,8.0,0.0,1397.12
N019,RN,2025-12-23,86,Day,8.0,0.0,1537.28
N023,RN,2025-12-23,86,Day,8.0,0.0,1451.28
N025,RN,2025-12-23,86,Day,8.0,0.0,1463.6
N026,RN,2025-12-23,86,Day,8.0,0.0,1632.0
N027,SoSu,2025-12-23,86,Day,8.0,0.0,1270.4
N001,SoSu,2025-12-23,86,Evening,8.0,20.0,1396.416
N005,SoSu,2025-12-23,86,Evening,8.0,20.0,1333.2479999999998
N014,RN,2025-12-23,86,Evening,8.0,20.0,1638.048
N020,RN,2025-12-23,86,Evening,8.0,20.0,1646.9759999999999
N022,RN,2025-12-23,86,Evening,8.0,20.0,1564.128
N016,RN,2025-12-23,86,Night,8.0,32.8125,1757.375
N024,SoSu,2025-12-23,86,Night,8.0,32.8125,1506.1999999999998
N028,RN,2025-12-23,86,Night,8.0,32.8125,1937.3625
N008,RN,2025-12-24,87,Day,8.0,0.0,1533.76
N009,SoSu,2025-12-24,87,Day,8.0,0.0,1201.92
N012,RN,2025-12-24,87,Day,8.0,0.0,1397.12
N013,RN,2025-12-24,87,Day,8.0,0.0,1558.32
N019,RN,2025-12-24,87,Day,8.0,0.0,1537.28
N023,RN,2025-12-24,87,Day,8.0,0.0,1451.28
N025,RN,2025-12-24,87,Day,8.0,0.0,1463.6
N027,SoSu,2025-12-24,87,Day,8.0,0.0,1270.4
N001,SoSu,2025-12-24,87,Evening,8.0,20.0,1396.416
N005,SoSu,2025-12-24,87,Evening,8.0,20.0,1333.2479999999998
N014,RN,2025-12-24,87,Evening,8.0,20.0,1638.048
N017,RN,2025-12-24,87,Evening,8.0,20.0,1605.6
N020,RN,2025-12-24,87,Evening,8.0,20.0,1646.9759999999999
N004,SoSu,2025-12-24,87,Night,8.0,32.8125,1457.64375
N010,RN,2025-12-24,87,Night,8.0,32.8125,2125.53125
N030,RN,2025-12-24,87,Night,8.0,32.8125,1940.65625
N003,RN,2025-12-25,88,Day,8.0,50.0,2058.7200000000003
N006,RN,2025-12-25,88,Day,8.0,50.0,2018.04
N009,SoSu,2025-12-25,88,Day,8.0,50.0,1802.88
N016,RN,2025-12-25,88,Day,8.0,50.0,1984.8000000000002
N022,RN,2025-12-25,88,Day,8.0,50.0,1955.16
N024,SoSu,2025-12-25,88,Day,8.0,50.0,1701.12
N027,SoSu,2025-12-25,88,Day,8.0,50.0,1905.6000000000001
N029,RN,2025-12-25,88,Day,8.0,50.0,1940.3999999999999
N001,SoSu,2025-12-25,88,Evening,8.0,50.0,1745.52
N005,SoSu,2025-12-25,88,Evening,8.0,50.0,1666.56
N007,RN,2025-12-25,88,Evening,8.0,50.0,1977.3600000000001
N014,RN,2025-12-25,88,Evening,8.0,50.0,2047.56
N017,RN,2025-12-25,88,Evening,8.0,50.0,2007.0
N012,RN,2025-12-25,88,Night,8.0,50.0,2095.68
N018,RN,2025-12-25,88,Night,8.0,50.0,2095.68
N020,RN,2025-12-25,88,Night,8.0,50.0,2058.7200000000003
N003,RN,2025-12-26,89,Day,8.0,50.0,2058.7200000000003
N004,SoSu,2025-12-26,89,Day,8.0,50.0,1646.28
N011,RN,2025-12-26,89,Day,8.0,50.0,2069.7599999999998
N015,RN,2025-12-26,89,Day,8.0,50.0,1988.52
N016,RN,2025-12-26,89,Day,8.0,50.0,1984.8000000000002
N022,RN,2025-12-26,89,Day,8.0,50.0,1955.16
N024,SoSu,2025-12-26,89,Day,8.0,50.0,1701.12
N029,RN,2025-12-26,89,Day,8.0,50.0,1940.3999999999999
N005,SoSu,2025-12-26,89,Evening,8.0,50.0,1666.56
N006,RN,2025-12-26,89,Evening,8.0,50.0,2018.04
N007,RN,2025-12-26,89,Evening,8.0,50.0,1977.3600000000001
N014,RN,2025-12-26,89,Evening,8.0,50.0,2047.56
N017,RN,2025-12-26,89,Evening,8.0,50.0,2007.0
N012,RN,2025-12-26,89,Night,8.0,50.0,2095.68
N018,RN,2025-12-26,89,Night,8.0,50.0,2095.68
N020,RN,2025-12-26,89,Night,8.0,50.0,2058.7200000000003
N003,RN,2025-12-27,90,Day,8.0,47.0,2017.5456
N004,SoSu,2025-12-27,90,Day,8.0,47.0,1613.3544
N011,RN,2025-12-27,90,Day,8.0,47.0,2028.3647999999998
N016,RN,2025-12-27,90,Day,8.0,47.0,1945.104
N022,RN,2025-12-27,90,Day,8.0,47.0,1916.0568
N024,SoSu,2025-12-27,90,Day,8.0,47.0,1667.0975999999998
N027,SoSu,2025-12-27,90,Day,8.0,47.0,1867.488
N029,RN,2025-12-27,90,Day,8.0,47.0,1901.5919999999999
N001,SoSu,2025-12-27,90,Evening,8.0,47.0,1710.6096
N005,SoSu,2025-12-27,90,Evening,8.0,47.0,1633.2287999999999
N007,RN,2025-12-27,90,Evening,8.0,47.0,1937.8128
N014,RN,2025-12-27,90,Evening,8.0,47.0,2006.6088
N017,RN,2025-12-27,90,Evening,8.0,47.0,1966.86
N009,SoSu,2025-12-27,90,Night,8.0,47.0,1766.8224
N018,RN,2025-12-27,90,Night,8.0,47.0,2053.7664
N020,RN,2025-12-27,90,Night,8.0,47.0,2017.5456
N004,SoSu,2025-12-28,91,Day,8.0,47.0,1613.3544
N011,RN,2025-12-28,91,Day,8.0,47.0,2028.3647999999998
N015,RN,2025-12-28,91,Day,8.0,47.0,1948.7496
N016,RN,2025-12-28,91,Day,8.0,47.0,1945.104
N022,RN,2025-12-28,91,Day,8.0,47.0,1916.0568
N024,SoSu,2025-12-28,91,Day,8.0,47.0,1667.0975999999998
N027,SoSu,2025-12-28,91,Day,8.0,47.0,1867.488
N029,RN,2025-12-28,91,Day,8.0,47.0,1901.5919999999999
N001,SoSu,2025-12-28,91,Evening,8.0,47.0,1710.6096
N006,RN,2025-12-28,91,Evening,8.0,47.0,1977.6791999999998
N007,RN,2025-12-28,91,Evening,8.0,47.0,1937.8128
N014,RN,2025-12-28,91,Evening,8.0,47.0,2006.6088
N017,RN,2025-12-28,91,Evening,8.0,47.0,1966.86
N003,RN,2025-12-28,91,Night,8.0,47.0,2017.5456
N018,RN,2025-12-28,91,Night,8.0,47.0,2053.7664
N020,RN,2025-12-28,91,Night,8.0,47.0,2017.5456
